frame,timestamp,distance_cm,robot_detected,qr_detected
0,2026-01-27T18:42:20.926721,71,False,False
1,2026-01-27T18:42:20.957769,85,False,False
2,2026-01-27T18:42:20.989327,85,False,False
3,2026-01-27T18:42:21.023483,85,False,False
4,2026-01-27T18:42:21.058051,85,False,False
5,2026-01-27T18:42:21.091423,85,False,False
6,2026-01-27T18:42:21.124314,85,False,False
7,2026-01-27T18:42:21.157522,85,False,False
8,2026-01-27T18:42:21.189571,85,False,False
9,2026-01-27T18:42:21.225280,85,False,False
10,2026-01-27T18:42:21.256510,85,False,False
11,2026-01-27T18:42:21.290985,85,False,False
12,2026-01-27T18:42:21.324690,85,False,False
13,2026-01-27T18:42:21.355610,85,False,False
14,2026-01-27T18:42:21.391123,85,False,False
15,2026-01-27T18:42:21.423534,85,False,False
16,2026-01-27T18:42:21.457972,100,False,False
17,2026-01-27T18:42:21.490321,100,False,False
18,2026-01-27T18:42:21.523296,100,False,False
19,2026-01-27T18:42:21.557407,100,False,False
20,2026-01-27T18:42:21.589550,100,False,False
21,2026-01-27T18:42:21.624029,100,False,False
22,2026-01-27T18:42:21.658635,107,False,False
23,2026-01-27T18:42:21.690097,107,False,False
24,2026-01-27T18:42:21.724883,107,False,False
25,2026-01-27T18:42:21.757492,179,False,False
26,2026-01-27T18:42:21.790637,179,False,False
27,2026-01-27T18:42:21.824495,179,False,False
28,2026-01-27T18:42:21.857430,184,False,False
29,2026-01-27T18:42:21.892055,184,False,False
30,2026-01-27T18:42:21.923721,184,False,False
31,2026-01-27T18:42:21.957488,191,False,False
32,2026-01-27T18:42:21.990838,191,False,False
33,2026-01-27T18:42:22.024137,191,False,False
34,2026-01-27T18:42:22.058162,164,False,False
35,2026-01-27T18:42:22.090524,164,False,False
36,2026-01-27T18:42:22.124651,164,False,False
37,2026-01-27T18:42:22.157330,164,False,False
38,2026-01-27T18:42:22.190727,164,False,False
39,2026-01-27T18:42:22.225274,164,False,False
40,2026-01-27T18:42:22.256189,164,False,False
41,2026-01-27T18:42:22.290677,164,False,False
42,2026-01-27T18:42:22.324467,164,False,False
43,2026-01-27T18:42:22.357912,164,False,False
44,2026-01-27T18:42:22.390510,164,False,False
45,2026-01-27T18:42:22.423901,164,False,False
46,2026-01-27T18:42:22.457445,164,False,False
47,2026-01-27T18:42:22.492235,164,False,False
48,2026-01-27T18:42:22.524066,164,False,False
49,2026-01-27T18:42:22.558308,169,False,False
50,2026-01-27T18:42:22.592845,169,False,False
51,2026-01-27T18:42:22.624979,169,True,False
52,2026-01-27T18:42:22.658174,180,True,False
53,2026-01-27T18:42:22.691707,180,True,False
54,2026-01-27T18:42:22.723790,180,True,False
55,2026-01-27T18:42:22.757107,180,True,False
56,2026-01-27T18:42:22.791515,180,True,False
57,2026-01-27T18:42:22.825295,180,True,False
58,2026-01-27T18:42:22.857628,186,True,False
59,2026-01-27T18:42:22.892441,186,False,False
60,2026-01-27T18:42:22.924429,186,False,False
61,2026-01-27T18:42:22.958223,196,False,False
62,2026-01-27T18:42:22.991759,196,False,False
63,2026-01-27T18:42:23.025053,196,False,False
64,2026-01-27T18:42:23.059134,196,False,False
65,2026-01-27T18:42:23.093767,196,True,False
66,2026-01-27T18:42:23.123729,196,True,False
67,2026-01-27T18:42:23.157592,196,True,False
68,2026-01-27T18:42:23.192605,196,True,False
69,2026-01-27T18:42:23.224067,196,True,False
70,2026-01-27T18:42:23.257795,196,True,False
71,2026-01-27T18:42:23.291381,196,True,False
72,2026-01-27T18:42:23.326083,196,True,False
73,2026-01-27T18:42:23.357829,199,True,False
74,2026-01-27T18:42:23.392898,199,True,False
75,2026-01-27T18:42:23.424794,199,True,False
76,2026-01-27T18:42:23.458426,199,True,False
77,2026-01-27T18:42:23.492135,199,True,False
78,2026-01-27T18:42:23.523877,199,True,False
79,2026-01-27T18:42:23.558715,199,True,False
80,2026-01-27T18:42:23.591603,199,True,False
81,2026-01-27T18:42:23.624678,199,True,False
82,2026-01-27T18:42:23.658025,199,True,False
83,2026-01-27T18:42:23.692119,199,False,False
84,2026-01-27T18:42:23.724694,199,False,False
85,2026-01-27T18:42:23.757819,198,False,False
86,2026-01-27T18:42:23.791889,198,False,False
87,2026-01-27T18:42:23.825888,198,False,False
88,2026-01-27T18:42:23.857786,195,False,False
89,2026-01-27T18:42:23.893230,195,False,False
90,2026-01-27T18:42:23.924747,195,False,False
91,2026-01-27T18:42:23.957712,195,False,False
92,2026-01-27T18:42:23.992159,195,False,False
93,2026-01-27T18:42:24.025562,195,False,False
94,2026-01-27T18:42:24.060544,195,False,False
95,2026-01-27T18:42:24.093047,195,False,False
96,2026-01-27T18:42:24.124943,195,False,False
97,2026-01-27T18:42:24.157559,191,False,False
98,2026-01-27T18:42:24.192522,191,False,False
99,2026-01-27T18:42:24.224818,191,False,False
100,2026-01-27T18:42:24.258443,191,False,False
101,2026-01-27T18:42:24.293065,191,False,False
102,2026-01-27T18:42:24.326460,191,False,False
103,2026-01-27T18:42:24.357899,191,False,False
104,2026-01-27T18:42:24.393467,191,False,False
105,2026-01-27T18:42:24.425973,191,False,False
106,2026-01-27T18:42:24.458474,177,False,False
107,2026-01-27T18:42:24.493393,177,False,False
108,2026-01-27T18:42:24.524922,177,False,False
109,2026-01-27T18:42:24.558932,177,False,False
110,2026-01-27T18:42:24.591813,177,False,False
111,2026-01-27T18:42:24.625340,177,False,False
112,2026-01-27T18:42:24.658782,177,False,False
113,2026-01-27T18:42:24.692909,177,False,False
114,2026-01-27T18:42:24.724979,177,False,False
115,2026-01-27T18:42:24.758370,177,False,False
116,2026-01-27T18:42:24.793119,177,False,False
117,2026-01-27T18:42:24.826399,177,False,False
118,2026-01-27T18:42:24.858714,170,False,False
119,2026-01-27T18:42:24.893358,170,False,False
120,2026-01-27T18:42:24.925700,170,False,False
121,2026-01-27T18:42:24.958209,170,False,False
122,2026-01-27T18:42:24.994220,170,False,False
123,2026-01-27T18:42:25.026532,170,False,False
124,2026-01-27T18:42:25.058638,158,False,False
125,2026-01-27T18:42:25.093091,158,False,False
126,2026-01-27T18:42:25.126171,158,False,False
127,2026-01-27T18:42:25.159568,156,False,False
128,2026-01-27T18:42:25.192152,156,False,False
129,2026-01-27T18:42:25.227764,156,False,False
130,2026-01-27T18:42:25.259089,150,False,False
131,2026-01-27T18:42:25.291894,150,False,False
132,2026-01-27T18:42:25.326331,150,False,False
133,2026-01-27T18:42:25.359487,144,False,False
134,2026-01-27T18:42:25.391844,144,False,False
135,2026-01-27T18:42:25.425736,144,False,False
136,2026-01-27T18:42:25.458788,144,False,False
137,2026-01-27T18:42:25.493578,144,False,False
138,2026-01-27T18:42:25.525171,144,False,False
139,2026-01-27T18:42:25.559444,132,False,False
140,2026-01-27T18:42:25.593207,132,False,False
141,2026-01-27T18:42:25.625343,132,False,False
142,2026-01-27T18:42:25.659561,132,False,False
143,2026-01-27T18:42:25.693026,132,False,False
144,2026-01-27T18:42:25.725460,132,False,False
145,2026-01-27T18:42:25.759498,120,False,False
146,2026-01-27T18:42:25.793801,120,False,False
147,2026-01-27T18:42:25.827358,120,False,False
148,2026-01-27T18:42:25.857993,120,False,False
149,2026-01-27T18:42:25.893516,120,False,False
150,2026-01-27T18:42:25.925504,120,False,False
151,2026-01-27T18:42:25.958546,107,False,False
152,2026-01-27T18:42:25.993464,107,False,False
153,2026-01-27T18:42:26.026970,107,False,False
154,2026-01-27T18:42:26.058325,105,False,False
155,2026-01-27T18:42:26.093466,105,False,False
156,2026-01-27T18:42:26.126526,105,False,False
157,2026-01-27T18:42:26.159072,99,False,False
158,2026-01-27T18:42:26.195687,99,False,False
159,2026-01-27T18:42:26.227390,99,False,False
160,2026-01-27T18:42:26.258487,94,False,False
161,2026-01-27T18:42:26.292318,94,False,False
162,2026-01-27T18:42:26.326329,94,False,False
163,2026-01-27T18:42:26.359369,94,False,False
164,2026-01-27T18:42:26.394984,94,False,False
165,2026-01-27T18:42:26.426323,94,False,False
166,2026-01-27T18:42:26.460184,94,False,False
167,2026-01-27T18:42:26.493259,94,False,False
168,2026-01-27T18:42:26.525639,94,False,False
169,2026-01-27T18:42:26.559868,94,False,False
170,2026-01-27T18:42:26.592367,94,False,False
171,2026-01-27T18:42:26.625868,94,False,False
172,2026-01-27T18:42:26.659627,77,False,False
173,2026-01-27T18:42:26.693788,77,False,False
174,2026-01-27T18:42:26.726024,77,False,False
175,2026-01-27T18:42:26.758810,74,False,False
176,2026-01-27T18:42:26.794024,74,False,False
177,2026-01-27T18:42:26.826649,74,False,False
178,2026-01-27T18:42:26.858383,74,False,False
179,2026-01-27T18:42:26.894829,74,False,False
180,2026-01-27T18:42:26.925974,74,False,False
181,2026-01-27T18:42:26.959384,74,False,False
182,2026-01-27T18:42:26.993619,74,False,False
183,2026-01-27T18:42:27.026833,74,False,False
184,2026-01-27T18:42:27.060994,74,False,False
185,2026-01-27T18:42:27.094648,74,False,False
186,2026-01-27T18:42:27.125842,74,False,False
187,2026-01-27T18:42:27.158778,59,False,False
188,2026-01-27T18:42:27.193121,59,False,False
189,2026-01-27T18:42:27.225614,59,False,False
190,2026-01-27T18:42:27.259595,59,False,False
191,2026-01-27T18:42:27.293157,59,True,False
192,2026-01-27T18:42:27.327050,59,True,False
193,2026-01-27T18:42:27.360089,48,True,False
194,2026-01-27T18:42:27.392332,48,True,False
195,2026-01-27T18:42:27.426450,48,True,False
196,2026-01-27T18:42:27.459173,46,False,False
197,2026-01-27T18:42:27.493663,46,False,False
198,2026-01-27T18:42:27.527221,46,False,False
199,2026-01-27T18:42:27.558663,46,False,False
200,2026-01-27T18:42:27.593800,46,False,False
201,2026-01-27T18:42:27.626533,46,False,False
202,2026-01-27T18:42:27.660572,46,False,False
203,2026-01-27T18:42:27.693604,46,False,False
204,2026-01-27T18:42:27.727982,46,False,False
205,2026-01-27T18:42:27.760031,38,False,False
206,2026-01-27T18:42:27.792582,38,False,False
207,2026-01-27T18:42:27.826610,38,False,False
208,2026-01-27T18:42:27.859650,38,False,False
209,2026-01-27T18:42:27.892912,38,False,False
210,2026-01-27T18:42:27.927207,38,False,False
211,2026-01-27T18:42:27.959934,38,False,False
212,2026-01-27T18:42:27.992736,38,False,False
213,2026-01-27T18:42:28.027155,38,False,False
214,2026-01-27T18:42:28.060731,35,False,False
215,2026-01-27T18:42:28.093945,35,False,False
216,2026-01-27T18:42:28.127405,35,False,False
217,2026-01-27T18:42:28.159010,35,False,False
218,2026-01-27T18:42:28.193957,35,False,False
219,2026-01-27T18:42:28.228545,35,False,False
220,2026-01-27T18:42:28.260514,35,False,False
221,2026-01-27T18:42:28.296180,35,False,False
222,2026-01-27T18:42:28.328132,35,False,False
223,2026-01-27T18:42:28.359333,0,False,False
224,2026-01-27T18:42:28.394433,0,False,False
225,2026-01-27T18:42:28.428656,0,False,False
226,2026-01-27T18:42:28.460235,0,False,False
227,2026-01-27T18:42:28.493623,0,False,False
228,2026-01-27T18:42:28.527652,0,False,False
229,2026-01-27T18:42:28.558901,0,False,False
230,2026-01-27T18:42:28.594375,0,False,False
231,2026-01-27T18:42:28.627589,0,False,False
232,2026-01-27T18:42:28.660501,0,False,False
233,2026-01-27T18:42:28.694515,0,False,False
234,2026-01-27T18:42:28.727055,0,False,False
235,2026-01-27T18:42:28.759353,0,False,False
236,2026-01-27T18:42:28.793938,0,False,False
237,2026-01-27T18:42:28.827650,0,False,False
238,2026-01-27T18:42:28.860891,0,False,False
239,2026-01-27T18:42:28.893275,0,False,False
240,2026-01-27T18:42:28.927393,0,False,False
241,2026-01-27T18:42:28.959739,34,False,False
242,2026-01-27T18:42:28.994861,34,False,False
243,2026-01-27T18:42:29.028151,34,False,False
244,2026-01-27T18:42:29.059702,34,False,False
245,2026-01-27T18:42:29.093185,34,False,False
246,2026-01-27T18:42:29.127520,34,False,False
247,2026-01-27T18:42:29.160261,34,False,False
248,2026-01-27T18:42:29.195194,34,False,False
249,2026-01-27T18:42:29.226798,34,False,False
250,2026-01-27T18:42:29.259926,34,False,False
251,2026-01-27T18:42:29.294288,34,False,False
252,2026-01-27T18:42:29.328420,34,False,False
253,2026-01-27T18:42:29.361555,34,False,False
254,2026-01-27T18:42:29.393397,34,False,False
255,2026-01-27T18:42:29.427964,34,False,False
256,2026-01-27T18:42:29.461262,34,False,False
257,2026-01-27T18:42:29.494420,34,False,False
258,2026-01-27T18:42:29.527554,34,False,False
259,2026-01-27T18:42:29.561825,43,False,False
260,2026-01-27T18:42:29.594079,43,False,False
261,2026-01-27T18:42:29.627095,43,False,False
262,2026-01-27T18:42:29.660713,43,False,False
263,2026-01-27T18:42:29.694153,43,False,False
264,2026-01-27T18:42:29.729276,43,False,False
265,2026-01-27T18:42:29.760512,43,False,False
266,2026-01-27T18:42:29.795214,43,False,False
267,2026-01-27T18:42:29.828985,43,False,False
268,2026-01-27T18:42:29.866054,43,False,False
269,2026-01-27T18:42:29.895349,43,False,False
270,2026-01-27T18:42:29.927691,43,False,False
271,2026-01-27T18:42:29.960150,46,False,False
272,2026-01-27T18:42:29.994821,46,False,False
273,2026-01-27T18:42:30.029011,46,False,False
274,2026-01-27T18:42:30.060935,48,False,False
275,2026-01-27T18:42:30.094507,48,False,False
276,2026-01-27T18:42:30.128841,48,False,False
277,2026-01-27T18:42:30.161542,49,False,False
278,2026-01-27T18:42:30.193873,49,False,False
279,2026-01-27T18:42:30.229169,49,False,False
280,2026-01-27T18:42:30.260567,56,False,False
281,2026-01-27T18:42:30.294749,56,False,False
282,2026-01-27T18:42:30.328812,56,False,False
283,2026-01-27T18:42:30.361815,56,False,False
284,2026-01-27T18:42:30.396614,56,False,False
285,2026-01-27T18:42:30.428148,56,True,False
286,2026-01-27T18:42:30.461413,56,True,False
287,2026-01-27T18:42:30.495121,56,True,False
288,2026-01-27T18:42:30.528940,56,True,False
289,2026-01-27T18:42:30.560794,61,True,False
290,2026-01-27T18:42:30.595503,61,True,False
291,2026-01-27T18:42:30.629847,61,True,False
292,2026-01-27T18:42:30.661796,61,True,False
293,2026-01-27T18:42:30.695776,61,True,False
294,2026-01-27T18:42:30.727556,61,True,False
295,2026-01-27T18:42:30.760755,61,True,False
296,2026-01-27T18:42:30.795645,61,True,False
297,2026-01-27T18:42:30.828877,61,False,False
298,2026-01-27T18:42:30.860579,63,False,False
299,2026-01-27T18:42:30.896126,63,False,False
300,2026-01-27T18:42:30.929257,63,False,False
301,2026-01-27T18:42:30.960646,65,False,False
302,2026-01-27T18:42:30.995619,65,False,False
303,2026-01-27T18:42:31.029739,65,False,False
304,2026-01-27T18:42:31.060552,66,False,False
305,2026-01-27T18:42:31.094843,66,False,False
306,2026-01-27T18:42:31.129572,66,False,False
307,2026-01-27T18:42:31.161777,76,False,False
308,2026-01-27T18:42:31.194616,76,False,False
309,2026-01-27T18:42:31.229246,76,False,False
310,2026-01-27T18:42:31.261320,76,False,False
311,2026-01-27T18:42:31.294411,76,False,False
312,2026-01-27T18:42:31.328991,76,False,False
313,2026-01-27T18:42:31.362211,76,False,False
314,2026-01-27T18:42:31.395388,76,False,False
315,2026-01-27T18:42:31.428885,76,False,False
316,2026-01-27T18:42:31.461910,94,False,False
317,2026-01-27T18:42:31.495760,94,False,False
318,2026-01-27T18:42:31.529407,94,False,False
319,2026-01-27T18:42:31.561048,94,False,False
320,2026-01-27T18:42:31.595735,94,False,False
321,2026-01-27T18:42:31.629068,94,False,False
322,2026-01-27T18:42:31.662401,94,False,False
323,2026-01-27T18:42:31.696034,94,False,False
324,2026-01-27T18:42:31.730187,94,False,False
325,2026-01-27T18:42:31.761190,94,False,False
326,2026-01-27T18:42:31.796166,94,False,False
327,2026-01-27T18:42:31.829569,94,False,False
328,2026-01-27T18:42:31.862469,98,False,False
329,2026-01-27T18:42:31.896382,98,False,False
330,2026-01-27T18:42:31.928191,98,False,False
331,2026-01-27T18:42:31.961538,102,False,False
332,2026-01-27T18:42:31.996278,102,False,False
333,2026-01-27T18:42:32.030553,102,False,False
334,2026-01-27T18:42:32.061077,130,False,False
335,2026-01-27T18:42:32.096164,130,False,False
336,2026-01-27T18:42:32.130198,130,False,False
337,2026-01-27T18:42:32.163094,130,False,False
338,2026-01-27T18:42:32.196490,130,False,False
339,2026-01-27T18:42:32.230223,130,False,False
340,2026-01-27T18:42:32.261639,130,False,False
341,2026-01-27T18:42:32.296242,130,False,False
342,2026-01-27T18:42:32.329684,130,False,False
343,2026-01-27T18:42:32.362906,130,False,False
344,2026-01-27T18:42:32.396143,130,False,False
345,2026-01-27T18:42:32.429387,130,False,False
346,2026-01-27T18:42:32.462574,130,False,False
347,2026-01-27T18:42:32.496316,130,False,False
348,2026-01-27T18:42:32.529173,130,False,False
349,2026-01-27T18:42:32.563870,131,False,False
350,2026-01-27T18:42:32.597326,131,False,False
351,2026-01-27T18:42:32.628848,131,False,False
352,2026-01-27T18:42:32.663514,132,False,False
353,2026-01-27T18:42:32.697690,132,False,False
354,2026-01-27T18:42:32.728571,132,False,False
355,2026-01-27T18:42:32.762042,146,False,False
356,2026-01-27T18:42:32.797638,146,False,False
357,2026-01-27T18:42:32.830224,146,False,False
358,2026-01-27T18:42:32.861622,146,False,False
359,2026-01-27T18:42:32.897276,146,False,False
360,2026-01-27T18:42:32.929306,146,False,False
361,2026-01-27T18:42:32.962189,154,False,False
362,2026-01-27T18:42:32.996634,154,False,False
363,2026-01-27T18:42:33.030558,154,False,False
364,2026-01-27T18:42:33.063853,158,False,False
365,2026-01-27T18:42:33.096313,158,False,False
366,2026-01-27T18:42:33.130236,158,False,False
367,2026-01-27T18:42:33.162943,158,False,False
368,2026-01-27T18:42:33.195880,158,False,False
369,2026-01-27T18:42:33.231328,158,False,False
370,2026-01-27T18:42:33.262107,158,False,False
371,2026-01-27T18:42:33.295933,158,False,False
372,2026-01-27T18:42:33.332054,158,False,False
373,2026-01-27T18:42:33.363825,165,False,False
374,2026-01-27T18:42:33.396845,165,False,False
375,2026-01-27T18:42:33.429385,165,False,False
376,2026-01-27T18:42:33.463623,175,False,False
377,2026-01-27T18:42:33.497917,175,False,False
378,2026-01-27T18:42:33.529199,175,False,False
379,2026-01-27T18:42:33.564245,176,False,False
380,2026-01-27T18:42:33.596434,176,False,False
381,2026-01-27T18:42:33.629813,176,False,False
382,2026-01-27T18:42:33.663547,181,False,False
383,2026-01-27T18:42:33.697193,181,False,False
384,2026-01-27T18:42:33.729826,181,False,False
385,2026-01-27T18:42:33.762310,181,False,False
386,2026-01-27T18:42:33.797416,181,False,False
387,2026-01-27T18:42:33.830530,181,False,False
388,2026-01-27T18:42:33.861782,181,False,False
389,2026-01-27T18:42:33.898404,181,False,False
390,2026-01-27T18:42:33.929507,181,False,False
391,2026-01-27T18:42:33.962859,194,False,False
392,2026-01-27T18:42:33.997580,194,False,False
393,2026-01-27T18:42:34.030605,194,False,False
394,2026-01-27T18:42:34.061753,194,False,False
395,2026-01-27T18:42:34.096557,194,False,False
396,2026-01-27T18:42:34.130322,194,False,False
397,2026-01-27T18:42:34.163180,194,False,False
398,2026-01-27T18:42:34.195911,194,False,False
399,2026-01-27T18:42:34.232020,194,False,False
400,2026-01-27T18:42:34.264519,194,False,False
401,2026-01-27T18:42:34.296124,194,False,False
402,2026-01-27T18:42:34.330051,194,False,False
403,2026-01-27T18:42:34.363215,194,False,False
404,2026-01-27T18:42:34.398841,194,False,False
405,2026-01-27T18:42:34.430885,194,False,False
406,2026-01-27T18:42:34.462238,195,False,False
407,2026-01-27T18:42:34.496411,195,False,False
408,2026-01-27T18:42:34.530710,195,False,False
409,2026-01-27T18:42:34.563057,197,False,False
410,2026-01-27T18:42:34.596669,197,False,False
411,2026-01-27T18:42:34.630601,197,False,False
412,2026-01-27T18:42:34.664683,200,False,False
413,2026-01-27T18:42:34.696454,200,False,False
414,2026-01-27T18:42:34.731114,200,False,False
415,2026-01-27T18:42:34.762811,201,False,False
416,2026-01-27T18:42:34.797736,201,False,False
417,2026-01-27T18:42:34.832000,201,False,False
418,2026-01-27T18:42:34.864330,203,False,False
419,2026-01-27T18:42:34.898876,203,False,False
420,2026-01-27T18:42:34.929966,203,False,False
421,2026-01-27T18:42:34.963218,205,False,False
422,2026-01-27T18:42:34.997375,205,False,False
423,2026-01-27T18:42:35.031342,205,False,False
424,2026-01-27T18:42:35.062706,205,False,False
425,2026-01-27T18:42:35.097108,205,False,False
426,2026-01-27T18:42:35.131404,205,False,False
427,2026-01-27T18:42:35.165348,207,False,False
428,2026-01-27T18:42:35.198386,207,False,False
429,2026-01-27T18:42:35.232072,207,False,False
430,2026-01-27T18:42:35.262865,209,False,False
431,2026-01-27T18:42:35.296837,209,False,False
432,2026-01-27T18:42:35.330901,209,False,False
433,2026-01-27T18:42:35.363963,211,False,False
434,2026-01-27T18:42:35.396824,211,False,False
435,2026-01-27T18:42:35.431203,211,False,False
436,2026-01-27T18:42:35.464114,228,False,False
437,2026-01-27T18:42:35.497843,228,False,False
438,2026-01-27T18:42:35.532198,228,False,False
439,2026-01-27T18:42:35.563122,243,False,False
440,2026-01-27T18:42:35.597630,243,False,False
441,2026-01-27T18:42:35.631565,243,False,False
442,2026-01-27T18:42:35.663878,256,False,False
443,2026-01-27T18:42:35.697948,256,False,False
444,2026-01-27T18:42:35.734016,256,False,False
445,2026-01-27T18:42:35.766541,272,False,False
446,2026-01-27T18:42:35.798261,272,False,False
447,2026-01-27T18:42:35.831312,272,False,False
448,2026-01-27T18:42:35.862939,267,False,False
449,2026-01-27T18:42:35.898216,267,False,False
450,2026-01-27T18:42:35.930577,267,False,False
451,2026-01-27T18:42:35.964163,263,True,False
452,2026-01-27T18:42:35.997763,263,True,False
453,2026-01-27T18:42:36.031537,263,True,False
454,2026-01-27T18:42:36.062927,259,True,False
455,2026-01-27T18:42:36.097739,259,True,False
456,2026-01-27T18:42:36.131758,259,True,False
457,2026-01-27T18:42:36.165122,259,True,False
458,2026-01-27T18:42:36.198426,259,True,False
459,2026-01-27T18:42:36.232490,259,True,False
460,2026-01-27T18:42:36.263615,253,True,False
461,2026-01-27T18:42:36.299097,253,True,False
462,2026-01-27T18:42:36.331689,253,True,False
463,2026-01-27T18:42:36.364235,253,True,False
464,2026-01-27T18:42:36.397007,253,True,False
465,2026-01-27T18:42:36.431180,253,True,False
466,2026-01-27T18:42:36.464147,253,True,False
467,2026-01-27T18:42:36.498108,253,True,False
468,2026-01-27T18:42:36.532760,253,True,False
469,2026-01-27T18:42:36.563631,249,False,False
470,2026-01-27T18:42:36.598516,249,False,False
471,2026-01-27T18:42:36.632733,249,False,False
472,2026-01-27T18:42:36.663354,245,False,False
473,2026-01-27T18:42:36.698763,245,False,False
474,2026-01-27T18:42:36.732446,245,False,False
475,2026-01-27T18:42:36.764679,240,False,False
476,2026-01-27T18:42:36.799007,240,True,False
477,2026-01-27T18:42:36.832162,240,True,False
478,2026-01-27T18:42:36.863420,236,True,False
479,2026-01-27T18:42:36.899784,236,True,False
480,2026-01-27T18:42:36.931115,236,True,False
481,2026-01-27T18:42:36.964095,231,True,False
482,2026-01-27T18:42:36.998058,231,True,False
483,2026-01-27T18:42:37.031932,231,True,False
484,2026-01-27T18:42:37.064414,227,True,False
485,2026-01-27T18:42:37.097981,227,True,False
486,2026-01-27T18:42:37.132741,227,True,False
487,2026-01-27T18:42:37.166433,227,False,False
488,2026-01-27T18:42:37.198782,227,False,False
489,2026-01-27T18:42:37.233472,227,False,False
490,2026-01-27T18:42:37.265412,227,False,False
491,2026-01-27T18:42:37.297746,227,False,False
492,2026-01-27T18:42:37.332308,227,False,False
493,2026-01-27T18:42:37.364565,227,False,False
494,2026-01-27T18:42:37.399810,227,False,False
495,2026-01-27T18:42:37.432474,227,False,False
496,2026-01-27T18:42:37.464281,227,False,False
497,2026-01-27T18:42:37.497619,227,False,False
498,2026-01-27T18:42:37.532203,227,False,False
499,2026-01-27T18:42:37.563891,219,False,False
500,2026-01-27T18:42:37.599138,219,False,False
501,2026-01-27T18:42:37.632467,219,True,False
502,2026-01-27T18:42:37.665394,219,True,False
503,2026-01-27T18:42:37.697674,219,True,False
504,2026-01-27T18:42:37.732576,219,True,False
505,2026-01-27T18:42:37.765524,219,True,False
506,2026-01-27T18:42:37.797809,219,True,False
507,2026-01-27T18:42:37.832327,219,True,False
508,2026-01-27T18:42:37.864783,219,True,False
509,2026-01-27T18:42:37.897288,219,True,False
510,2026-01-27T18:42:37.931294,219,True,False
511,2026-01-27T18:42:37.964561,212,True,False
512,2026-01-27T18:42:37.999277,212,True,False
513,2026-01-27T18:42:38.031440,212,True,False
514,2026-01-27T18:42:38.065734,212,False,False
515,2026-01-27T18:42:38.098564,212,False,False
516,2026-01-27T18:42:38.134154,212,False,False
517,2026-01-27T18:42:38.165698,206,False,False
518,2026-01-27T18:42:38.197751,206,False,False
519,2026-01-27T18:42:38.233623,206,False,False
520,2026-01-27T18:42:38.265230,197,False,False
521,2026-01-27T18:42:38.298304,197,False,False
522,2026-01-27T18:42:38.332908,197,False,False
523,2026-01-27T18:42:38.366129,197,False,False
524,2026-01-27T18:42:38.398400,197,False,False
525,2026-01-27T18:42:38.432104,197,False,False
526,2026-01-27T18:42:38.465370,197,False,False
527,2026-01-27T18:42:38.499798,197,False,False
528,2026-01-27T18:42:38.531690,197,False,False
529,2026-01-27T18:42:38.566204,176,False,False
530,2026-01-27T18:42:38.598374,176,False,False
531,2026-01-27T18:42:38.632014,176,False,False
532,2026-01-27T18:42:38.665211,176,False,False
533,2026-01-27T18:42:38.699094,176,False,False
534,2026-01-27T18:42:38.734465,176,False,False
535,2026-01-27T18:42:38.765328,176,False,False
536,2026-01-27T18:42:38.798349,176,False,False
537,2026-01-27T18:42:38.832306,176,False,False
538,2026-01-27T18:42:38.865853,165,False,False
539,2026-01-27T18:42:38.898151,165,False,False
540,2026-01-27T18:42:38.932486,165,False,False
541,2026-01-27T18:42:38.965487,158,False,False
542,2026-01-27T18:42:38.998367,158,False,False
543,2026-01-27T18:42:39.032441,158,False,False
544,2026-01-27T18:42:39.066322,158,False,False
545,2026-01-27T18:42:39.099289,158,False,False
546,2026-01-27T18:42:39.133067,158,False,False
547,2026-01-27T18:42:39.164873,144,False,False
548,2026-01-27T18:42:39.198986,144,False,False
549,2026-01-27T18:42:39.234157,144,False,False
550,2026-01-27T18:42:39.265725,134,False,False
551,2026-01-27T18:42:39.299476,134,False,False
552,2026-01-27T18:42:39.331620,134,False,False
553,2026-01-27T18:42:39.364953,126,False,False
554,2026-01-27T18:42:39.400523,126,False,False
555,2026-01-27T18:42:39.433121,126,False,False
556,2026-01-27T18:42:39.465049,126,False,False
557,2026-01-27T18:42:39.498771,126,False,False
558,2026-01-27T18:42:39.533468,126,False,False
559,2026-01-27T18:42:39.564607,112,False,False
560,2026-01-27T18:42:39.599115,112,False,False
561,2026-01-27T18:42:39.632344,112,False,False
562,2026-01-27T18:42:39.665919,112,False,False
563,2026-01-27T18:42:39.700716,112,False,False
564,2026-01-27T18:42:39.732352,112,False,False
565,2026-01-27T18:42:39.764971,99,False,False
566,2026-01-27T18:42:39.800563,99,False,False
567,2026-01-27T18:42:39.833456,99,False,False
568,2026-01-27T18:42:39.866689,99,False,False
569,2026-01-27T18:42:39.898656,99,False,False
570,2026-01-27T18:42:39.934390,99,False,False
571,2026-01-27T18:42:39.965420,89,False,False
572,2026-01-27T18:42:40.000659,89,False,False
573,2026-01-27T18:42:40.033508,89,False,False
574,2026-01-27T18:42:40.065274,89,False,False
575,2026-01-27T18:42:40.099637,89,False,False
576,2026-01-27T18:42:40.133646,89,False,False
577,2026-01-27T18:42:40.165661,89,False,False
578,2026-01-27T18:42:40.200889,89,False,False
579,2026-01-27T18:42:40.232805,89,False,False
580,2026-01-27T18:42:40.265544,89,False,False
581,2026-01-27T18:42:40.299250,89,False,False
582,2026-01-27T18:42:40.333768,89,False,False
583,2026-01-27T18:42:40.366552,89,False,False
584,2026-01-27T18:42:40.398403,89,False,False
585,2026-01-27T18:42:40.433082,89,False,False
586,2026-01-27T18:42:40.466149,66,False,False
587,2026-01-27T18:42:40.500010,66,False,False
588,2026-01-27T18:42:40.532365,66,False,False
589,2026-01-27T18:42:40.566970,62,False,False
590,2026-01-27T18:42:40.599532,62,False,False
591,2026-01-27T18:42:40.632987,62,False,False
592,2026-01-27T18:42:40.666252,56,False,False
593,2026-01-27T18:42:40.700007,56,False,False
594,2026-01-27T18:42:40.732391,56,False,False
595,2026-01-27T18:42:40.765548,56,False,False
596,2026-01-27T18:42:40.800322,56,False,False
597,2026-01-27T18:42:40.832083,56,False,False
598,2026-01-27T18:42:40.866118,56,False,False
599,2026-01-27T18:42:40.900991,56,False,False
600,2026-01-27T18:42:40.934420,56,False,False
601,2026-01-27T18:42:40.965714,50,False,False
602,2026-01-27T18:42:41.000307,50,False,False
603,2026-01-27T18:42:41.033251,50,False,False
604,2026-01-27T18:42:41.067323,45,False,False
605,2026-01-27T18:42:41.099406,45,False,False
606,2026-01-27T18:42:41.133414,45,False,False
607,2026-01-27T18:42:41.165175,45,False,False
608,2026-01-27T18:42:41.200685,45,False,False
609,2026-01-27T18:42:41.235557,45,False,False
610,2026-01-27T18:42:41.266763,45,False,False
611,2026-01-27T18:42:41.300200,45,False,False
612,2026-01-27T18:42:41.333884,45,False,False
613,2026-01-27T18:42:41.366149,37,False,False
614,2026-01-27T18:42:41.400594,37,False,False
615,2026-01-27T18:42:41.433001,37,False,False
616,2026-01-27T18:42:41.465985,37,False,False
617,2026-01-27T18:42:41.499926,37,False,False
618,2026-01-27T18:42:41.533572,37,False,False
619,2026-01-27T18:42:41.568851,37,False,False
620,2026-01-27T18:42:41.600982,37,False,False
621,2026-01-27T18:42:41.633011,37,False,False
622,2026-01-27T18:42:41.666524,37,False,False
623,2026-01-27T18:42:41.700275,37,False,False
624,2026-01-27T18:42:41.735130,37,False,False
625,2026-01-27T18:42:41.765749,37,False,False
626,2026-01-27T18:42:41.802202,37,False,False
627,2026-01-27T18:42:41.834329,37,False,False
628,2026-01-27T18:42:41.866363,41,False,False
629,2026-01-27T18:42:41.902052,41,False,False
630,2026-01-27T18:42:41.934216,41,False,False
631,2026-01-27T18:42:41.965608,41,False,False
632,2026-01-27T18:42:42.000562,41,False,False
633,2026-01-27T18:42:42.033078,41,False,False
634,2026-01-27T18:42:42.067932,41,False,False
635,2026-01-27T18:42:42.100801,41,False,False
636,2026-01-27T18:42:42.134238,41,False,False
637,2026-01-27T18:42:42.167210,41,False,False
638,2026-01-27T18:42:42.201236,41,False,False
639,2026-01-27T18:42:42.233575,41,False,False
640,2026-01-27T18:42:42.266643,41,False,False
641,2026-01-27T18:42:42.300360,41,False,False
642,2026-01-27T18:42:42.334650,41,False,False
643,2026-01-27T18:42:42.366959,45,False,False
644,2026-01-27T18:42:42.400606,45,False,False
645,2026-01-27T18:42:42.433657,45,False,False
646,2026-01-27T18:42:42.466743,45,False,False
647,2026-01-27T18:42:42.501213,45,False,False
648,2026-01-27T18:42:42.535375,45,False,False
649,2026-01-27T18:42:42.565817,47,False,False
650,2026-01-27T18:42:42.600646,47,False,False
651,2026-01-27T18:42:42.634042,47,False,False
652,2026-01-27T18:42:42.667647,48,False,False
653,2026-01-27T18:42:42.702377,48,False,False
654,2026-01-27T18:42:42.733487,48,False,False
655,2026-01-27T18:42:42.766624,49,False,False
656,2026-01-27T18:42:42.801220,49,False,False
657,2026-01-27T18:42:42.834366,49,False,False
658,2026-01-27T18:42:42.867403,145,False,False
659,2026-01-27T18:42:42.899867,145,False,False
660,2026-01-27T18:42:42.934423,145,False,False
661,2026-01-27T18:42:42.966969,150,False,False
662,2026-01-27T18:42:43.002539,150,False,False
663,2026-01-27T18:42:43.034923,150,False,False
664,2026-01-27T18:42:43.069126,61,False,False
665,2026-01-27T18:42:43.101920,61,False,False
666,2026-01-27T18:42:43.134238,61,False,False
667,2026-01-27T18:42:43.166923,61,False,False
668,2026-01-27T18:42:43.201404,61,False,False
669,2026-01-27T18:42:43.234497,61,False,False
670,2026-01-27T18:42:43.266846,61,False,False
671,2026-01-27T18:42:43.301391,61,False,False
672,2026-01-27T18:42:43.334988,61,False,False
673,2026-01-27T18:42:43.367471,61,False,False
674,2026-01-27T18:42:43.402009,61,False,False
675,2026-01-27T18:42:43.434636,61,False,False
676,2026-01-27T18:42:43.467830,61,False,False
677,2026-01-27T18:42:43.501641,61,False,False
678,2026-01-27T18:42:43.534540,61,False,False
679,2026-01-27T18:42:43.568424,61,False,False
680,2026-01-27T18:42:43.600706,61,False,False
681,2026-01-27T18:42:43.634651,61,False,False
682,2026-01-27T18:42:43.668501,68,False,False
683,2026-01-27T18:42:43.702762,68,False,False
684,2026-01-27T18:42:43.735048,68,False,False
685,2026-01-27T18:42:43.767427,68,False,False
686,2026-01-27T18:42:43.802035,68,False,False
687,2026-01-27T18:42:43.835290,68,False,False
688,2026-01-27T18:42:43.868579,76,False,False
689,2026-01-27T18:42:43.900567,76,False,False
690,2026-01-27T18:42:43.934999,76,False,False
691,2026-01-27T18:42:43.967608,76,False,False
692,2026-01-27T18:42:44.001944,76,False,False
693,2026-01-27T18:42:44.035482,76,False,False
694,2026-01-27T18:42:44.067064,80,False,False
695,2026-01-27T18:42:44.101000,80,False,False
696,2026-01-27T18:42:44.136133,80,False,False
697,2026-01-27T18:42:44.167829,80,False,False
698,2026-01-27T18:42:44.201567,80,False,False
699,2026-01-27T18:42:44.236250,80,False,False
700,2026-01-27T18:42:44.268165,84,False,False
701,2026-01-27T18:42:44.301390,84,False,False
702,2026-01-27T18:42:44.335468,84,False,False
703,2026-01-27T18:42:44.368344,84,False,False
704,2026-01-27T18:42:44.401053,84,False,False
705,2026-01-27T18:42:44.435668,84,False,False
706,2026-01-27T18:42:44.468212,89,False,False
707,2026-01-27T18:42:44.501954,89,False,False
708,2026-01-27T18:42:44.534660,89,False,False
709,2026-01-27T18:42:44.568926,93,False,False
710,2026-01-27T18:42:44.601287,93,False,False
711,2026-01-27T18:42:44.635190,93,False,False
712,2026-01-27T18:42:44.668474,98,False,False
713,2026-01-27T18:42:44.701925,98,False,False
714,2026-01-27T18:42:44.735511,98,False,False
715,2026-01-27T18:42:44.767812,114,False,False
716,2026-01-27T18:42:44.802626,114,False,False
717,2026-01-27T18:42:44.836366,114,False,False
718,2026-01-27T18:42:44.867666,114,False,False
719,2026-01-27T18:42:44.903331,114,False,False
720,2026-01-27T18:42:44.935143,114,False,False
721,2026-01-27T18:42:44.967581,114,False,False
722,2026-01-27T18:42:45.002162,114,False,False
723,2026-01-27T18:42:45.036039,114,False,False
724,2026-01-27T18:42:45.069846,116,False,False
725,2026-01-27T18:42:45.102432,116,False,False
726,2026-01-27T18:42:45.134904,116,False,False
727,2026-01-27T18:42:45.168303,129,False,False
728,2026-01-27T18:42:45.202431,129,False,False
729,2026-01-27T18:42:45.234992,129,False,False
730,2026-01-27T18:42:45.268784,129,False,False
731,2026-01-27T18:42:45.302542,129,False,False
732,2026-01-27T18:42:45.336816,129,False,False
733,2026-01-27T18:42:45.367634,129,False,False
734,2026-01-27T18:42:45.403098,129,False,False
735,2026-01-27T18:42:45.435635,129,False,False
736,2026-01-27T18:42:45.468775,129,False,False
737,2026-01-27T18:42:45.503450,129,False,False
738,2026-01-27T18:42:45.535101,129,False,False
739,2026-01-27T18:42:45.569483,132,False,False
740,2026-01-27T18:42:45.601816,132,False,False
741,2026-01-27T18:42:45.635538,132,False,False
742,2026-01-27T18:42:45.668722,134,False,False
743,2026-01-27T18:42:45.702998,134,False,False
744,2026-01-27T18:42:45.734890,134,False,False
745,2026-01-27T18:42:45.768387,136,False,False
746,2026-01-27T18:42:45.802670,136,False,False
747,2026-01-27T18:42:45.836300,136,False,False
748,2026-01-27T18:42:45.868919,160,False,False
749,2026-01-27T18:42:45.903919,160,False,False
750,2026-01-27T18:42:45.937008,160,False,False
751,2026-01-27T18:42:45.968402,160,False,False
752,2026-01-27T18:42:46.003171,160,False,False
753,2026-01-27T18:42:46.036754,160,False,False
754,2026-01-27T18:42:46.067759,160,False,False
755,2026-01-27T18:42:46.102558,160,False,False
756,2026-01-27T18:42:46.136366,160,False,False
757,2026-01-27T18:42:46.169201,160,False,False
758,2026-01-27T18:42:46.201771,160,False,False
759,2026-01-27T18:42:46.237075,160,False,False
760,2026-01-27T18:42:46.268607,171,False,False
761,2026-01-27T18:42:46.302258,171,False,False
762,2026-01-27T18:42:46.336320,171,False,False
763,2026-01-27T18:42:46.369132,171,False,False
764,2026-01-27T18:42:46.404410,171,False,False
765,2026-01-27T18:42:46.436557,171,False,False
766,2026-01-27T18:42:46.468202,171,False,False
767,2026-01-27T18:42:46.502633,171,False,False
768,2026-01-27T18:42:46.536631,171,False,False
769,2026-01-27T18:42:46.567894,173,False,False
770,2026-01-27T18:42:46.602502,173,False,False
771,2026-01-27T18:42:46.636236,173,False,False
772,2026-01-27T18:42:46.669612,177,False,False
773,2026-01-27T18:42:46.703735,177,False,False
774,2026-01-27T18:42:46.735713,177,False,False
775,2026-01-27T18:42:46.768898,177,False,False
776,2026-01-27T18:42:46.803079,177,False,False
777,2026-01-27T18:42:46.836817,177,False,False
778,2026-01-27T18:42:46.868563,185,False,False
779,2026-01-27T18:42:46.904021,185,False,False
780,2026-01-27T18:42:46.935937,185,False,False
781,2026-01-27T18:42:46.968466,185,False,False
782,2026-01-27T18:42:47.003168,185,False,False
783,2026-01-27T18:42:47.036502,185,False,False
784,2026-01-27T18:42:47.068645,185,False,False
785,2026-01-27T18:42:47.102735,185,False,False
786,2026-01-27T18:42:47.136581,185,False,False
787,2026-01-27T18:42:47.169718,187,False,False
788,2026-01-27T18:42:47.204146,187,False,False
789,2026-01-27T18:42:47.235790,187,False,False
790,2026-01-27T18:42:47.268582,188,False,False
791,2026-01-27T18:42:47.302785,188,False,False
792,2026-01-27T18:42:47.337422,188,False,False
793,2026-01-27T18:42:47.368411,190,False,False
794,2026-01-27T18:42:47.403849,190,False,False
795,2026-01-27T18:42:47.436495,190,False,False
796,2026-01-27T18:42:47.469512,193,False,False
797,2026-01-27T18:42:47.503544,193,False,False
798,2026-01-27T18:42:47.535748,193,False,False
799,2026-01-27T18:42:47.570720,194,False,False
800,2026-01-27T18:42:47.602953,194,False,False
801,2026-01-27T18:42:47.637092,194,False,False
802,2026-01-27T18:42:47.669334,197,False,False
803,2026-01-27T18:42:47.703975,197,False,False
804,2026-01-27T18:42:47.736362,197,False,False
805,2026-01-27T18:42:47.768932,199,False,False
806,2026-01-27T18:42:47.804059,199,False,False
807,2026-01-27T18:42:47.838062,199,False,False
808,2026-01-27T18:42:47.868689,199,False,False
809,2026-01-27T18:42:47.903774,199,False,False
810,2026-01-27T18:42:47.936587,199,False,False
811,2026-01-27T18:42:47.968958,200,False,False
812,2026-01-27T18:42:48.003334,200,False,False
813,2026-01-27T18:42:48.038743,200,False,False
814,2026-01-27T18:42:48.070676,200,False,False
815,2026-01-27T18:42:48.103631,200,False,False
816,2026-01-27T18:42:48.138095,200,False,False
817,2026-01-27T18:42:48.168983,204,False,False
818,2026-01-27T18:42:48.203787,204,False,False
819,2026-01-27T18:42:48.238909,204,False,False
820,2026-01-27T18:42:48.270209,204,False,False
821,2026-01-27T18:42:48.303875,204,False,False
822,2026-01-27T18:42:48.336208,204,False,False
823,2026-01-27T18:42:48.369010,206,False,False
824,2026-01-27T18:42:48.404532,206,False,False
825,2026-01-27T18:42:48.437152,206,False,False
826,2026-01-27T18:42:48.470550,210,False,False
827,2026-01-27T18:42:48.504336,210,False,False
828,2026-01-27T18:42:48.536187,210,False,False
829,2026-01-27T18:42:48.570865,210,False,False
830,2026-01-27T18:42:48.603338,210,False,False
831,2026-01-27T18:42:48.636908,210,False,False
832,2026-01-27T18:42:48.670166,213,False,False
833,2026-01-27T18:42:48.704602,213,False,False
834,2026-01-27T18:42:48.736595,213,False,False
835,2026-01-27T18:42:48.769636,239,False,False
836,2026-01-27T18:42:48.803932,239,False,False
837,2026-01-27T18:42:48.838177,239,False,False
838,2026-01-27T18:42:48.869380,238,False,False
839,2026-01-27T18:42:48.904547,238,False,False
840,2026-01-27T18:42:48.936801,238,False,False
841,2026-01-27T18:42:48.969653,238,False,False
842,2026-01-27T18:42:49.003800,238,False,False
843,2026-01-27T18:42:49.038711,238,False,False
844,2026-01-27T18:42:49.072023,237,False,False
845,2026-01-27T18:42:49.104287,237,False,False
846,2026-01-27T18:42:49.136316,237,False,False
847,2026-01-27T18:42:49.169651,235,False,False
848,2026-01-27T18:42:49.204350,235,False,False
849,2026-01-27T18:42:49.239419,235,False,False
850,2026-01-27T18:42:49.270598,235,False,False
851,2026-01-27T18:42:49.304582,235,False,False
852,2026-01-27T18:42:49.338583,235,False,False
853,2026-01-27T18:42:49.370055,235,False,False
854,2026-01-27T18:42:49.404989,235,False,False
855,2026-01-27T18:42:49.438114,235,False,False
856,2026-01-27T18:42:49.470697,235,False,False
857,2026-01-27T18:42:49.505053,235,False,False
858,2026-01-27T18:42:49.537423,235,False,False
859,2026-01-27T18:42:49.571715,234,False,False
860,2026-01-27T18:42:49.603934,234,False,False
861,2026-01-27T18:42:49.637744,234,False,False
862,2026-01-27T18:42:49.670536,231,False,False
863,2026-01-27T18:42:49.704864,231,False,False
864,2026-01-27T18:42:49.737050,231,False,False
865,2026-01-27T18:42:49.770188,228,False,False
866,2026-01-27T18:42:49.804368,228,False,False
867,2026-01-27T18:42:49.838299,228,False,False
868,2026-01-27T18:42:49.869903,226,False,False
869,2026-01-27T18:42:49.905160,226,False,False
870,2026-01-27T18:42:49.937235,226,False,False
871,2026-01-27T18:42:49.970278,226,False,False
872,2026-01-27T18:42:50.004679,226,False,False
873,2026-01-27T18:42:50.038283,226,False,False
874,2026-01-27T18:42:50.069941,220,False,False
875,2026-01-27T18:42:50.104006,220,False,False
876,2026-01-27T18:42:50.138969,220,False,False
877,2026-01-27T18:42:50.171095,218,False,False
878,2026-01-27T18:42:50.204420,218,False,False
879,2026-01-27T18:42:50.239306,218,False,False
880,2026-01-27T18:42:50.270691,216,False,False
881,2026-01-27T18:42:50.303949,216,False,False
882,2026-01-27T18:42:50.338269,216,False,False
883,2026-01-27T18:42:50.370760,214,False,False
884,2026-01-27T18:42:50.406627,214,False,False
885,2026-01-27T18:42:50.438573,214,False,False
886,2026-01-27T18:42:50.471647,214,False,False
887,2026-01-27T18:42:50.504514,214,False,False
888,2026-01-27T18:42:50.538120,214,False,False
889,2026-01-27T18:42:50.573031,213,False,False
890,2026-01-27T18:42:50.605161,213,False,False
891,2026-01-27T18:42:50.639189,213,False,False
892,2026-01-27T18:42:50.670705,213,False,False
893,2026-01-27T18:42:50.704520,213,False,False
894,2026-01-27T18:42:50.739410,213,False,False
895,2026-01-27T18:42:50.770672,211,False,False
896,2026-01-27T18:42:50.805719,211,False,False
897,2026-01-27T18:42:50.839269,211,False,False
898,2026-01-27T18:42:50.870883,211,False,False
899,2026-01-27T18:42:50.906800,211,False,False
900,2026-01-27T18:42:50.937942,211,False,False
901,2026-01-27T18:42:50.970575,205,False,False
902,2026-01-27T18:42:51.005947,205,False,False
903,2026-01-27T18:42:51.039671,205,False,False
904,2026-01-27T18:42:51.070520,202,False,False
905,2026-01-27T18:42:51.105361,202,False,False
906,2026-01-27T18:42:51.139371,202,False,False
907,2026-01-27T18:42:51.171816,200,False,False
908,2026-01-27T18:42:51.205249,200,False,False
909,2026-01-27T18:42:51.239696,200,False,False
910,2026-01-27T18:42:51.270820,194,False,False
911,2026-01-27T18:42:51.305067,194,False,False
912,2026-01-27T18:42:51.339584,194,False,False
913,2026-01-27T18:42:51.371795,194,False,False
914,2026-01-27T18:42:51.404798,194,False,False
915,2026-01-27T18:42:51.438464,194,False,False
916,2026-01-27T18:42:51.472626,194,False,False
917,2026-01-27T18:42:51.505066,194,False,False
918,2026-01-27T18:42:51.538974,194,False,False
919,2026-01-27T18:42:51.570825,194,False,False
920,2026-01-27T18:42:51.605057,194,False,False
921,2026-01-27T18:42:51.639370,194,False,False
922,2026-01-27T18:42:51.671119,194,False,False
923,2026-01-27T18:42:51.704883,194,False,False
924,2026-01-27T18:42:51.740240,194,False,False
925,2026-01-27T18:42:51.771262,196,False,False
926,2026-01-27T18:42:51.805559,196,False,False
927,2026-01-27T18:42:51.839724,196,False,False
928,2026-01-27T18:42:51.870585,182,False,False
929,2026-01-27T18:42:51.906347,182,False,False
930,2026-01-27T18:42:51.937864,182,False,False
931,2026-01-27T18:42:51.971198,182,False,False
932,2026-01-27T18:42:52.006717,182,False,False
933,2026-01-27T18:42:52.038999,182,False,False
934,2026-01-27T18:42:52.072152,182,False,False
935,2026-01-27T18:42:52.105046,182,False,False
936,2026-01-27T18:42:52.139944,182,False,False
937,2026-01-27T18:42:52.172829,182,False,False
938,2026-01-27T18:42:52.204779,182,False,False
939,2026-01-27T18:42:52.241601,182,False,False
940,2026-01-27T18:42:52.270894,159,False,False
941,2026-01-27T18:42:52.306228,159,False,False
942,2026-01-27T18:42:52.341189,159,False,False
943,2026-01-27T18:42:52.371195,149,False,False
944,2026-01-27T18:42:52.406924,149,False,False
945,2026-01-27T18:42:52.439153,149,False,False
946,2026-01-27T18:42:52.471840,145,False,False
947,2026-01-27T18:42:52.507272,145,False,False
948,2026-01-27T18:42:52.545764,145,False,False
949,2026-01-27T18:42:52.573772,145,False,False
950,2026-01-27T18:42:52.604700,145,False,False
951,2026-01-27T18:42:52.639520,145,False,False
952,2026-01-27T18:42:52.670982,132,False,False
953,2026-01-27T18:42:52.706276,132,False,False
954,2026-01-27T18:42:52.740849,132,False,False
955,2026-01-27T18:42:52.772256,132,False,False
956,2026-01-27T18:42:52.805155,132,False,False
957,2026-01-27T18:42:52.838923,132,False,False
958,2026-01-27T18:42:52.872780,124,False,False
959,2026-01-27T18:42:52.904596,124,False,False
960,2026-01-27T18:42:52.939628,124,False,False
961,2026-01-27T18:42:52.972865,117,False,False
962,2026-01-27T18:42:53.004951,117,False,False
963,2026-01-27T18:42:53.038685,117,False,False
964,2026-01-27T18:42:53.073062,111,False,False
965,2026-01-27T18:42:53.106354,111,False,False
966,2026-01-27T18:42:53.140041,111,False,False
967,2026-01-27T18:42:53.171789,111,False,False
968,2026-01-27T18:42:53.206209,111,False,False
969,2026-01-27T18:42:53.239620,111,False,False
970,2026-01-27T18:42:53.272942,111,False,False
971,2026-01-27T18:42:53.307269,111,False,False
972,2026-01-27T18:42:53.339101,111,False,False
973,2026-01-27T18:42:53.372484,111,False,False
974,2026-01-27T18:42:53.408333,111,False,False
975,2026-01-27T18:42:53.439777,111,False,False
976,2026-01-27T18:42:53.473541,111,False,False
977,2026-01-27T18:42:53.505973,111,False,False
978,2026-01-27T18:42:53.539758,111,False,False
979,2026-01-27T18:42:53.571640,89,False,False
980,2026-01-27T18:42:53.606678,89,False,False
981,2026-01-27T18:42:53.640165,89,False,False
982,2026-01-27T18:42:53.671357,85,False,False
983,2026-01-27T18:42:53.706547,85,False,False
984,2026-01-27T18:42:53.740694,85,False,False
985,2026-01-27T18:42:53.773114,81,False,False
986,2026-01-27T18:42:53.807718,81,False,False
987,2026-01-27T18:42:53.839845,81,False,False
988,2026-01-27T18:42:53.872602,81,False,False
989,2026-01-27T18:42:53.905990,81,False,False
990,2026-01-27T18:42:53.939749,81,False,False
991,2026-01-27T18:42:53.973092,81,False,False
992,2026-01-27T18:42:54.005966,81,False,False
993,2026-01-27T18:42:54.039473,81,False,False
994,2026-01-27T18:42:54.074832,71,False,False
995,2026-01-27T18:42:54.107611,71,False,False
996,2026-01-27T18:42:54.138624,71,False,False
997,2026-01-27T18:42:54.171982,68,False,False
998,2026-01-27T18:42:54.206581,68,False,False
999,2026-01-27T18:42:54.239047,68,False,False
1000,2026-01-27T18:42:54.272750,61,False,False
1001,2026-01-27T18:42:54.306846,61,False,False
1002,2026-01-27T18:42:54.339090,61,False,False
1003,2026-01-27T18:42:54.372111,61,False,False
1004,2026-01-27T18:42:54.407250,61,False,False
1005,2026-01-27T18:42:54.439833,61,False,False
1006,2026-01-27T18:42:54.473575,57,False,False
1007,2026-01-27T18:42:54.506188,57,False,False
1008,2026-01-27T18:42:54.540144,57,False,False
1009,2026-01-27T18:42:54.574453,56,False,False
1010,2026-01-27T18:42:54.607685,56,False,False
1011,2026-01-27T18:42:54.639471,56,False,False
1012,2026-01-27T18:42:54.672836,52,False,False
1013,2026-01-27T18:42:54.707383,52,False,False
1014,2026-01-27T18:42:54.739944,52,False,False
1015,2026-01-27T18:42:54.772465,52,False,False
1016,2026-01-27T18:42:54.806686,52,False,False
1017,2026-01-27T18:42:54.840459,52,False,False
1018,2026-01-27T18:42:54.872063,52,False,False
1019,2026-01-27T18:42:54.907138,52,False,False
1020,2026-01-27T18:42:54.939511,52,False,False
1021,2026-01-27T18:42:54.972291,52,False,False
1022,2026-01-27T18:42:55.006484,52,False,False
1023,2026-01-27T18:42:55.040088,52,False,False
1024,2026-01-27T18:42:55.074384,52,False,False
1025,2026-01-27T18:42:55.106773,52,False,False
1026,2026-01-27T18:42:55.139995,52,False,False
1027,2026-01-27T18:42:55.172179,51,False,False
1028,2026-01-27T18:42:55.207928,51,False,False
1029,2026-01-27T18:42:55.242196,51,False,False
1030,2026-01-27T18:42:55.273108,51,False,False
1031,2026-01-27T18:42:55.306293,51,False,False
1032,2026-01-27T18:42:55.340468,51,False,False
1033,2026-01-27T18:42:55.372852,51,False,False
1034,2026-01-27T18:42:55.407805,51,False,False
1035,2026-01-27T18:42:55.440590,51,False,False
1036,2026-01-27T18:42:55.473252,42,False,False
1037,2026-01-27T18:42:55.506575,42,False,False
1038,2026-01-27T18:42:55.540542,42,False,False
1039,2026-01-27T18:42:55.574887,42,False,False
1040,2026-01-27T18:42:55.606796,42,False,False
1041,2026-01-27T18:42:55.639750,42,False,False
1042,2026-01-27T18:42:55.673076,42,False,False
1043,2026-01-27T18:42:55.706176,42,False,False
1044,2026-01-27T18:42:55.741419,42,False,False
1045,2026-01-27T18:42:55.773205,40,False,False
1046,2026-01-27T18:42:55.807502,40,False,False
1047,2026-01-27T18:42:55.840169,40,False,False
1048,2026-01-27T18:42:55.873481,40,False,False
1049,2026-01-27T18:42:55.908941,40,False,False
1050,2026-01-27T18:42:55.940424,40,False,False
1051,2026-01-27T18:42:55.973064,38,False,False
1052,2026-01-27T18:42:56.007813,38,False,False
1053,2026-01-27T18:42:56.040387,38,False,False
1054,2026-01-27T18:42:56.074461,38,False,False
1055,2026-01-27T18:42:56.106738,38,False,False
1056,2026-01-27T18:42:56.141243,38,False,False
1057,2026-01-27T18:42:56.172542,38,False,False
1058,2026-01-27T18:42:56.208302,38,False,False
1059,2026-01-27T18:42:56.242498,38,False,False
1060,2026-01-27T18:42:56.273691,38,False,False
1061,2026-01-27T18:42:56.307812,38,False,False
1062,2026-01-27T18:42:56.341403,38,False,False
1063,2026-01-27T18:42:56.374106,38,False,False
1064,2026-01-27T18:42:56.407725,38,False,False
1065,2026-01-27T18:42:56.441026,38,False,False
1066,2026-01-27T18:42:56.474019,37,False,False
1067,2026-01-27T18:42:56.510015,37,False,False
1068,2026-01-27T18:42:56.541399,37,False,False
1069,2026-01-27T18:42:56.574634,37,False,False
1070,2026-01-27T18:42:56.606859,37,False,False
1071,2026-01-27T18:42:56.639821,37,False,False
1072,2026-01-27T18:42:56.673479,37,False,False
1073,2026-01-27T18:42:56.708658,37,False,False
1074,2026-01-27T18:42:56.742296,37,False,False
1075,2026-01-27T18:42:56.773790,37,False,False
1076,2026-01-27T18:42:56.809268,37,False,False
1077,2026-01-27T18:42:56.841447,37,False,False
1078,2026-01-27T18:42:56.872639,37,False,False
1079,2026-01-27T18:42:56.908648,37,False,False
1080,2026-01-27T18:42:56.940724,37,False,False
1081,2026-01-27T18:42:56.973552,41,False,False
1082,2026-01-27T18:42:57.007631,41,False,False
1083,2026-01-27T18:42:57.040005,41,False,False
1084,2026-01-27T18:42:57.074300,39,False,False
1085,2026-01-27T18:42:57.107889,39,False,False
1086,2026-01-27T18:42:57.141134,39,False,False
1087,2026-01-27T18:42:57.173073,38,False,False
1088,2026-01-27T18:42:57.208116,38,False,False
1089,2026-01-27T18:42:57.243521,38,False,False
1090,2026-01-27T18:42:57.275153,38,False,False
1091,2026-01-27T18:42:57.307600,38,False,False
1092,2026-01-27T18:42:57.341958,38,False,False
1093,2026-01-27T18:42:57.373068,38,False,False
1094,2026-01-27T18:42:57.409562,38,False,False
1095,2026-01-27T18:42:57.441298,38,False,False
1096,2026-01-27T18:42:57.474214,35,False,False
1097,2026-01-27T18:42:57.507274,35,False,False
1098,2026-01-27T18:42:57.541271,35,False,False
1099,2026-01-27T18:42:57.576051,35,False,False
1100,2026-01-27T18:42:57.608018,35,False,False
1101,2026-01-27T18:42:57.640816,35,False,False
1102,2026-01-27T18:42:57.674433,35,False,False
1103,2026-01-27T18:42:57.708419,35,False,False
1104,2026-01-27T18:42:57.742394,35,False,False
1105,2026-01-27T18:42:57.773794,35,False,False
1106,2026-01-27T18:42:57.808116,35,False,False
1107,2026-01-27T18:42:57.842293,35,False,False
1108,2026-01-27T18:42:57.874235,35,False,False
1109,2026-01-27T18:42:57.909897,35,False,False
1110,2026-01-27T18:42:57.941365,35,False,False
1111,2026-01-27T18:42:57.973159,34,False,False
1112,2026-01-27T18:42:58.009035,34,False,False
1113,2026-01-27T18:42:58.040769,34,False,False
1114,2026-01-27T18:42:58.075265,31,False,False
1115,2026-01-27T18:42:58.107517,31,False,False
1116,2026-01-27T18:42:58.142142,31,False,False
1117,2026-01-27T18:42:58.173944,31,False,False
1118,2026-01-27T18:42:58.208041,31,False,False
1119,2026-01-27T18:42:58.243622,31,False,False
1120,2026-01-27T18:42:58.274458,31,False,False
1121,2026-01-27T18:42:58.307266,31,False,False
1122,2026-01-27T18:42:58.341666,31,False,False
1123,2026-01-27T18:42:58.374079,31,False,False
1124,2026-01-27T18:42:58.409512,31,False,False
1125,2026-01-27T18:42:58.441452,31,False,False
1126,2026-01-27T18:42:58.474105,31,False,False
1127,2026-01-27T18:42:58.507960,31,False,False
1128,2026-01-27T18:42:58.542157,31,False,False
1129,2026-01-27T18:42:58.575912,31,False,False
1130,2026-01-27T18:42:58.607739,31,False,False
1131,2026-01-27T18:42:58.641773,31,False,False
1132,2026-01-27T18:42:58.674806,31,False,False
1133,2026-01-27T18:42:58.708370,31,False,False
1134,2026-01-27T18:42:58.742966,31,False,False
1135,2026-01-27T18:42:58.774088,33,False,False
1136,2026-01-27T18:42:58.808572,33,False,False
1137,2026-01-27T18:42:58.842113,33,False,False
1138,2026-01-27T18:42:58.875515,33,False,False
1139,2026-01-27T18:42:58.909165,33,False,False
1140,2026-01-27T18:42:58.942464,33,False,False
1141,2026-01-27T18:42:58.974888,34,False,False
1142,2026-01-27T18:42:59.009398,34,False,False
1143,2026-01-27T18:42:59.043128,34,False,False
1144,2026-01-27T18:42:59.073947,35,False,False
1145,2026-01-27T18:42:59.108526,35,False,False
1146,2026-01-27T18:42:59.142376,35,False,False
1147,2026-01-27T18:42:59.174874,35,False,False
1148,2026-01-27T18:42:59.207807,35,False,False
1149,2026-01-27T18:42:59.242978,35,True,False
1150,2026-01-27T18:42:59.274618,35,True,False
1151,2026-01-27T18:42:59.308219,35,True,False
1152,2026-01-27T18:42:59.342537,35,True,False
1153,2026-01-27T18:42:59.375427,35,True,False
1154,2026-01-27T18:42:59.410352,35,False,False
1155,2026-01-27T18:42:59.442894,35,False,False
1156,2026-01-27T18:42:59.474654,37,False,False
1157,2026-01-27T18:42:59.511009,37,False,False
1158,2026-01-27T18:42:59.543205,37,False,False
1159,2026-01-27T18:42:59.574536,38,False,False
1160,2026-01-27T18:42:59.609645,38,False,False
1161,2026-01-27T18:42:59.643011,38,False,False
1162,2026-01-27T18:42:59.675611,33,False,False
1163,2026-01-27T18:42:59.709559,33,False,False
1164,2026-01-27T18:42:59.741505,33,False,False
1165,2026-01-27T18:42:59.774323,33,False,False
1166,2026-01-27T18:42:59.810084,33,False,False
1167,2026-01-27T18:42:59.841800,33,False,False
1168,2026-01-27T18:42:59.875838,33,False,False
1169,2026-01-27T18:42:59.911613,33,False,False
1170,2026-01-27T18:42:59.943154,33,False,False
1171,2026-01-27T18:42:59.975138,33,False,False
1172,2026-01-27T18:43:00.013557,33,False,False
1173,2026-01-27T18:43:00.044899,33,False,False
1174,2026-01-27T18:43:00.075911,33,False,False
1175,2026-01-27T18:43:00.110305,33,False,False
1176,2026-01-27T18:43:00.143130,33,False,False
1177,2026-01-27T18:43:00.175327,41,False,False
1178,2026-01-27T18:43:00.209030,41,False,False
1179,2026-01-27T18:43:00.244900,41,False,False
1180,2026-01-27T18:43:00.276147,41,False,False
1181,2026-01-27T18:43:00.308515,41,False,False
1182,2026-01-27T18:43:00.342578,41,False,False
1183,2026-01-27T18:43:00.375446,41,False,False
1184,2026-01-27T18:43:00.411793,41,False,False
1185,2026-01-27T18:43:00.443824,41,False,False
1186,2026-01-27T18:43:00.475592,41,False,False
1187,2026-01-27T18:43:00.509293,41,False,False
1188,2026-01-27T18:43:00.543450,41,False,False
1189,2026-01-27T18:43:00.574673,41,False,False
1190,2026-01-27T18:43:00.609902,41,False,False
1191,2026-01-27T18:43:00.643446,41,False,False
1192,2026-01-27T18:43:00.676879,44,False,False
1193,2026-01-27T18:43:00.709928,44,False,False
1194,2026-01-27T18:43:00.742376,44,False,False
1195,2026-01-27T18:43:00.774907,46,False,False
1196,2026-01-27T18:43:00.810640,46,False,False
1197,2026-01-27T18:43:00.843076,46,False,False
1198,2026-01-27T18:43:00.877046,51,False,False
1199,2026-01-27T18:43:00.908669,51,False,False
1200,2026-01-27T18:43:00.943818,51,False,False
1201,2026-01-27T18:43:00.976331,51,False,False
1202,2026-01-27T18:43:01.009124,51,False,False
1203,2026-01-27T18:43:01.043327,51,False,False
1204,2026-01-27T18:43:01.077896,51,False,False
1205,2026-01-27T18:43:01.109852,51,False,False
1206,2026-01-27T18:43:01.144097,51,False,False
1207,2026-01-27T18:43:01.175850,51,False,False
1208,2026-01-27T18:43:01.210287,51,False,False
1209,2026-01-27T18:43:01.242667,51,True,False
1210,2026-01-27T18:43:01.276121,51,True,False
1211,2026-01-27T18:43:01.309686,51,True,False
1212,2026-01-27T18:43:01.344504,51,True,False
1213,2026-01-27T18:43:01.375396,56,True,False
1214,2026-01-27T18:43:01.410447,56,True,False
1215,2026-01-27T18:43:01.442945,56,True,False
1216,2026-01-27T18:43:01.475879,56,False,False
1217,2026-01-27T18:43:01.510766,56,False,False
1218,2026-01-27T18:43:01.544710,56,False,False
1219,2026-01-27T18:43:01.575618,62,False,False
1220,2026-01-27T18:43:01.609858,62,False,False
1221,2026-01-27T18:43:01.643381,62,False,False
1222,2026-01-27T18:43:01.677324,62,False,False
1223,2026-01-27T18:43:01.710596,62,False,False
1224,2026-01-27T18:43:01.742976,62,False,False
1225,2026-01-27T18:43:01.775972,62,False,False
1226,2026-01-27T18:43:01.810910,62,False,False
1227,2026-01-27T18:43:01.843840,62,False,False
1228,2026-01-27T18:43:01.876906,165,False,False
1229,2026-01-27T18:43:01.909979,165,False,False
1230,2026-01-27T18:43:01.944601,165,False,False
1231,2026-01-27T18:43:01.976254,167,False,False
1232,2026-01-27T18:43:02.011797,167,False,False
1233,2026-01-27T18:43:02.044293,167,False,False
1234,2026-01-27T18:43:02.075843,88,False,False
1235,2026-01-27T18:43:02.110340,88,False,False
1236,2026-01-27T18:43:02.144028,88,False,False
1237,2026-01-27T18:43:02.176515,88,False,False
1238,2026-01-27T18:43:02.210904,88,False,False
1239,2026-01-27T18:43:02.244957,88,False,False
1240,2026-01-27T18:43:02.276108,88,False,False
1241,2026-01-27T18:43:02.311298,88,False,False
1242,2026-01-27T18:43:02.343984,88,False,False
1243,2026-01-27T18:43:02.377325,88,False,False
1244,2026-01-27T18:43:02.409539,88,False,False
1245,2026-01-27T18:43:02.443945,88,False,False
1246,2026-01-27T18:43:02.476941,88,False,False
1247,2026-01-27T18:43:02.511466,88,False,False
1248,2026-01-27T18:43:02.543549,88,False,False
1249,2026-01-27T18:43:02.577858,96,False,False
1250,2026-01-27T18:43:02.609940,96,False,False
1251,2026-01-27T18:43:02.643845,96,False,False
1252,2026-01-27T18:43:02.677335,96,False,False
1253,2026-01-27T18:43:02.712815,96,False,False
1254,2026-01-27T18:43:02.743636,96,False,False
1255,2026-01-27T18:43:02.776164,118,False,False
1256,2026-01-27T18:43:02.811085,118,False,False
1257,2026-01-27T18:43:02.844708,118,False,False
1258,2026-01-27T18:43:02.876349,118,False,False
1259,2026-01-27T18:43:02.911774,118,False,False
1260,2026-01-27T18:43:02.944256,118,False,False
1261,2026-01-27T18:43:02.977283,120,False,False
1262,2026-01-27T18:43:03.010933,120,False,False
1263,2026-01-27T18:43:03.045321,120,False,False
1264,2026-01-27T18:43:03.076986,121,False,False
1265,2026-01-27T18:43:03.111106,121,False,False
1266,2026-01-27T18:43:03.144632,121,False,False
1267,2026-01-27T18:43:03.177544,123,False,False
1268,2026-01-27T18:43:03.211620,123,False,False
1269,2026-01-27T18:43:03.243769,123,False,False
1270,2026-01-27T18:43:03.278009,125,False,False
1271,2026-01-27T18:43:03.311236,125,False,False
1272,2026-01-27T18:43:03.345522,125,False,False
1273,2026-01-27T18:43:03.378182,128,False,False
1274,2026-01-27T18:43:03.417945,128,False,False
1275,2026-01-27T18:43:03.444906,128,False,False
1276,2026-01-27T18:43:03.477358,135,False,False
1277,2026-01-27T18:43:03.511573,135,False,False
1278,2026-01-27T18:43:03.543779,135,False,False
1279,2026-01-27T18:43:03.578000,135,False,False
1280,2026-01-27T18:43:03.610320,135,False,False
1281,2026-01-27T18:43:03.644106,135,False,False
1282,2026-01-27T18:43:03.677940,155,False,False
1283,2026-01-27T18:43:03.714230,155,False,False
1284,2026-01-27T18:43:03.746117,155,False,False
1285,2026-01-27T18:43:03.777273,155,False,False
1286,2026-01-27T18:43:03.813314,155,False,False
1287,2026-01-27T18:43:03.846690,155,False,False
1288,2026-01-27T18:43:03.878011,156,False,False
1289,2026-01-27T18:43:03.913000,156,False,False
1290,2026-01-27T18:43:03.944557,156,False,False
1291,2026-01-27T18:43:03.977387,160,False,False
1292,2026-01-27T18:43:04.011821,160,False,False
1293,2026-01-27T18:43:04.045321,160,False,False
1294,2026-01-27T18:43:04.077288,163,False,False
1295,2026-01-27T18:43:04.111991,163,False,False
1296,2026-01-27T18:43:04.145587,163,False,False
1297,2026-01-27T18:43:04.177871,163,False,False
1298,2026-01-27T18:43:04.211435,163,False,False
1299,2026-01-27T18:43:04.246215,163,False,False
1300,2026-01-27T18:43:04.277242,163,False,False
1301,2026-01-27T18:43:04.310565,163,False,False
1302,2026-01-27T18:43:04.345489,163,False,False
1303,2026-01-27T18:43:04.377550,173,False,False
1304,2026-01-27T18:43:04.411060,173,False,False
1305,2026-01-27T18:43:04.444735,173,False,False
1306,2026-01-27T18:43:04.477751,173,False,False
1307,2026-01-27T18:43:04.511745,173,False,False
1308,2026-01-27T18:43:04.544394,173,False,False
1309,2026-01-27T18:43:04.578964,177,False,False
1310,2026-01-27T18:43:04.611124,177,False,False
1311,2026-01-27T18:43:04.644415,177,False,False
1312,2026-01-27T18:43:04.677842,180,False,False
1313,2026-01-27T18:43:04.712923,180,False,False
1314,2026-01-27T18:43:04.744502,180,False,False
1315,2026-01-27T18:43:04.777905,185,False,False
1316,2026-01-27T18:43:04.812145,185,False,False
1317,2026-01-27T18:43:04.845554,185,False,False
1318,2026-01-27T18:43:04.876903,186,False,False
1319,2026-01-27T18:43:04.914769,186,False,False
1320,2026-01-27T18:43:04.947956,186,False,False
1321,2026-01-27T18:43:04.978625,188,False,False
1322,2026-01-27T18:43:05.012561,188,False,False
1323,2026-01-27T18:43:05.045801,188,False,False
1324,2026-01-27T18:43:05.077347,194,False,False
1325,2026-01-27T18:43:05.112196,194,False,False
1326,2026-01-27T18:43:05.145417,194,False,False
1327,2026-01-27T18:43:05.178888,194,False,False
1328,2026-01-27T18:43:05.212165,194,False,False
1329,2026-01-27T18:43:05.246162,194,False,False
1330,2026-01-27T18:43:05.278146,195,False,False
1331,2026-01-27T18:43:05.312556,195,False,False
1332,2026-01-27T18:43:05.345509,195,False,False
1333,2026-01-27T18:43:05.378690,196,False,False
1334,2026-01-27T18:43:05.411592,196,False,False
1335,2026-01-27T18:43:05.444978,196,False,False
1336,2026-01-27T18:43:05.479685,198,False,False
1337,2026-01-27T18:43:05.512968,198,False,False
1338,2026-01-27T18:43:05.545665,198,False,False
1339,2026-01-27T18:43:05.579291,199,False,False
1340,2026-01-27T18:43:05.612011,199,False,False
1341,2026-01-27T18:43:05.644896,199,False,False
1342,2026-01-27T18:43:05.680134,200,False,False
1343,2026-01-27T18:43:05.712867,200,False,False
1344,2026-01-27T18:43:05.745190,200,False,False
1345,2026-01-27T18:43:05.777735,208,False,False
1346,2026-01-27T18:43:05.813310,208,False,False
1347,2026-01-27T18:43:05.846199,208,False,False
1348,2026-01-27T18:43:05.879815,208,False,False
1349,2026-01-27T18:43:05.915169,208,False,False
1350,2026-01-27T18:43:05.947841,208,False,False
1351,2026-01-27T18:43:05.980245,208,False,False
1352,2026-01-27T18:43:06.014805,208,False,False
1353,2026-01-27T18:43:06.047234,208,False,False
1354,2026-01-27T18:43:06.079715,209,False,False
1355,2026-01-27T18:43:06.112381,209,False,False
1356,2026-01-27T18:43:06.146855,209,False,False
1357,2026-01-27T18:43:06.179808,210,False,False
1358,2026-01-27T18:43:06.213373,210,False,False
1359,2026-01-27T18:43:06.247531,210,False,False
1360,2026-01-27T18:43:06.279255,211,False,False
1361,2026-01-27T18:43:06.312764,211,False,False
1362,2026-01-27T18:43:06.347885,211,False,False
1363,2026-01-27T18:43:06.379275,213,False,False
1364,2026-01-27T18:43:06.412442,213,False,False
1365,2026-01-27T18:43:06.446760,213,False,False
1366,2026-01-27T18:43:06.479362,213,False,False
1367,2026-01-27T18:43:06.513997,213,False,False
1368,2026-01-27T18:43:06.546079,213,False,False
1369,2026-01-27T18:43:06.579936,214,False,False
1370,2026-01-27T18:43:06.611489,214,False,False
1371,2026-01-27T18:43:06.645885,214,False,False
1372,2026-01-27T18:43:06.679215,214,False,False
1373,2026-01-27T18:43:06.713881,214,False,False
1374,2026-01-27T18:43:06.746126,214,False,False
1375,2026-01-27T18:43:06.778185,214,False,False
1376,2026-01-27T18:43:06.813072,214,False,False
1377,2026-01-27T18:43:06.846695,214,False,False
1378,2026-01-27T18:43:06.877938,212,False,False
1379,2026-01-27T18:43:06.914453,212,False,False
1380,2026-01-27T18:43:06.946173,212,False,False
1381,2026-01-27T18:43:06.978463,212,False,False
1382,2026-01-27T18:43:07.014337,212,False,False
1383,2026-01-27T18:43:07.047189,212,False,False
1384,2026-01-27T18:43:07.078273,212,False,False
1385,2026-01-27T18:43:07.112482,212,True,False
1386,2026-01-27T18:43:07.146606,212,True,False
1387,2026-01-27T18:43:07.180941,212,True,False
1388,2026-01-27T18:43:07.214976,212,True,False
1389,2026-01-27T18:43:07.248097,212,True,False
1390,2026-01-27T18:43:07.279560,212,True,False
1391,2026-01-27T18:43:07.313374,212,True,False
1392,2026-01-27T18:43:07.347402,212,True,False
1393,2026-01-27T18:43:07.379128,215,False,False
1394,2026-01-27T18:43:07.413855,215,False,False
1395,2026-01-27T18:43:07.446693,215,False,False
1396,2026-01-27T18:43:07.479709,213,False,False
1397,2026-01-27T18:43:07.514341,213,False,False
1398,2026-01-27T18:43:07.545627,213,False,False
1399,2026-01-27T18:43:07.580467,212,False,False
1400,2026-01-27T18:43:07.613455,212,False,False
1401,2026-01-27T18:43:07.646232,212,False,False
1402,2026-01-27T18:43:07.679353,211,False,False
1403,2026-01-27T18:43:07.713840,211,False,False
1404,2026-01-27T18:43:07.745944,211,False,False
1405,2026-01-27T18:43:07.778781,211,False,False
1406,2026-01-27T18:43:07.813858,211,False,False
1407,2026-01-27T18:43:07.847700,211,False,False
1408,2026-01-27T18:43:07.878617,211,False,False
1409,2026-01-27T18:43:07.915537,211,False,False
1410,2026-01-27T18:43:07.946173,211,False,False
1411,2026-01-27T18:43:07.979726,211,False,False
1412,2026-01-27T18:43:08.014496,211,False,False
1413,2026-01-27T18:43:08.046986,211,False,False
1414,2026-01-27T18:43:08.078434,211,False,False
1415,2026-01-27T18:43:08.113136,211,False,False
1416,2026-01-27T18:43:08.147069,211,False,False
1417,2026-01-27T18:43:08.180012,211,False,False
1418,2026-01-27T18:43:08.214165,211,False,False
1419,2026-01-27T18:43:08.249236,211,False,False
1420,2026-01-27T18:43:08.278963,214,False,False
1421,2026-01-27T18:43:08.313140,214,False,False
1422,2026-01-27T18:43:08.347024,214,False,False
1423,2026-01-27T18:43:08.380111,212,False,False
1424,2026-01-27T18:43:08.412585,212,False,False
1425,2026-01-27T18:43:08.448422,212,False,False
1426,2026-01-27T18:43:08.480103,211,False,False
1427,2026-01-27T18:43:08.513477,211,False,False
1428,2026-01-27T18:43:08.547518,211,False,False
1429,2026-01-27T18:43:08.578859,211,True,False
1430,2026-01-27T18:43:08.613106,211,True,False
1431,2026-01-27T18:43:08.647706,211,True,False
1432,2026-01-27T18:43:08.680494,211,True,False
1433,2026-01-27T18:43:08.713767,211,True,False
1434,2026-01-27T18:43:08.748047,211,True,False
1435,2026-01-27T18:43:08.779478,211,False,False
1436,2026-01-27T18:43:08.814747,211,False,False
1437,2026-01-27T18:43:08.847788,211,False,False
1438,2026-01-27T18:43:08.879056,211,False,False
1439,2026-01-27T18:43:08.915161,211,False,False
1440,2026-01-27T18:43:08.946739,211,False,False
1441,2026-01-27T18:43:08.978834,211,False,False
1442,2026-01-27T18:43:09.014146,211,False,False
1443,2026-01-27T18:43:09.047824,211,False,False
1444,2026-01-27T18:43:09.079733,218,False,False
1445,2026-01-27T18:43:09.113943,218,False,False
1446,2026-01-27T18:43:09.147733,218,False,False
1447,2026-01-27T18:43:09.180438,218,False,False
1448,2026-01-27T18:43:09.213123,218,False,False
1449,2026-01-27T18:43:09.248494,218,False,False
1450,2026-01-27T18:43:09.279995,215,False,False
1451,2026-01-27T18:43:09.314966,215,False,False
1452,2026-01-27T18:43:09.347793,215,False,False
1453,2026-01-27T18:43:09.381159,215,False,False
1454,2026-01-27T18:43:09.413548,215,False,False
1455,2026-01-27T18:43:09.447866,215,False,False
1456,2026-01-27T18:43:09.480787,214,False,False
1457,2026-01-27T18:43:09.514454,214,False,False
1458,2026-01-27T18:43:09.547081,214,False,False
1459,2026-01-27T18:43:09.581235,214,False,False
1460,2026-01-27T18:43:09.613703,214,False,False
1461,2026-01-27T18:43:09.648006,214,False,False
1462,2026-01-27T18:43:09.680923,213,False,False
1463,2026-01-27T18:43:09.715176,213,False,False
1464,2026-01-27T18:43:09.747440,213,False,False
1465,2026-01-27T18:43:09.780094,213,False,False
1466,2026-01-27T18:43:09.814686,213,True,False
1467,2026-01-27T18:43:09.848178,213,True,False
1468,2026-01-27T18:43:09.880167,213,True,False
1469,2026-01-27T18:43:09.915184,213,True,False
1470,2026-01-27T18:43:09.946970,213,True,False
1471,2026-01-27T18:43:09.980237,213,True,False
1472,2026-01-27T18:43:10.015964,213,True,False
1473,2026-01-27T18:43:10.048307,213,True,False
1474,2026-01-27T18:43:10.082294,213,True,False
1475,2026-01-27T18:43:10.115648,213,True,False
1476,2026-01-27T18:43:10.147782,213,True,False
1477,2026-01-27T18:43:10.180333,213,False,False
1478,2026-01-27T18:43:10.215491,213,False,False
1479,2026-01-27T18:43:10.247383,213,False,False
1480,2026-01-27T18:43:10.281404,213,False,False
1481,2026-01-27T18:43:10.321710,213,False,False
1482,2026-01-27T18:43:10.353639,213,False,False
1483,2026-01-27T18:43:10.385741,213,False,False
1484,2026-01-27T18:43:10.419276,213,False,False
1485,2026-01-27T18:43:10.452570,213,False,False
1486,2026-01-27T18:43:10.482721,213,False,False
1487,2026-01-27T18:43:10.514944,213,False,False
1488,2026-01-27T18:43:10.549205,213,False,False
1489,2026-01-27T18:43:10.580087,213,False,False
1490,2026-01-27T18:43:10.614470,213,False,False
1491,2026-01-27T18:43:10.648892,213,False,False
1492,2026-01-27T18:43:10.680025,213,False,False
1493,2026-01-27T18:43:10.714066,213,False,False
1494,2026-01-27T18:43:10.749209,213,False,False
1495,2026-01-27T18:43:10.780780,213,False,False
1496,2026-01-27T18:43:10.815964,213,False,False
1497,2026-01-27T18:43:10.849502,213,False,False
1498,2026-01-27T18:43:10.879995,213,False,False
1499,2026-01-27T18:43:10.915722,213,False,False
1500,2026-01-27T18:43:10.947605,213,False,False
1501,2026-01-27T18:43:10.981015,213,False,False
1502,2026-01-27T18:43:11.015222,213,False,False
1503,2026-01-27T18:43:11.048591,213,False,False
1504,2026-01-27T18:43:11.080200,213,False,False
1505,2026-01-27T18:43:11.114309,213,False,False
1506,2026-01-27T18:43:11.149306,213,False,False
1507,2026-01-27T18:43:11.181321,213,False,False
1508,2026-01-27T18:43:11.214226,213,False,False
1509,2026-01-27T18:43:11.249691,213,False,False
1510,2026-01-27T18:43:11.280886,213,False,False
1511,2026-01-27T18:43:11.315069,213,False,False
1512,2026-01-27T18:43:11.349060,213,False,False
1513,2026-01-27T18:43:11.381210,213,False,False
1514,2026-01-27T18:43:11.416244,213,False,False
1515,2026-01-27T18:43:11.448519,213,False,False
1516,2026-01-27T18:43:11.480685,213,False,False
1517,2026-01-27T18:43:11.514394,213,False,False
1518,2026-01-27T18:43:11.549297,213,False,False
1519,2026-01-27T18:43:11.580945,213,False,False
1520,2026-01-27T18:43:11.616275,213,False,False
1521,2026-01-27T18:43:11.649050,213,False,False
1522,2026-01-27T18:43:11.681422,213,False,False
1523,2026-01-27T18:43:11.715750,213,False,False
1524,2026-01-27T18:43:11.750551,213,False,False
1525,2026-01-27T18:43:11.782535,213,False,False
1526,2026-01-27T18:43:11.816413,213,False,False
1527,2026-01-27T18:43:11.848236,213,False,False
1528,2026-01-27T18:43:11.882199,213,False,False
1529,2026-01-27T18:43:11.916875,213,False,False
1530,2026-01-27T18:43:11.950864,213,False,False
1531,2026-01-27T18:43:11.982612,213,False,False
1532,2026-01-27T18:43:12.014681,213,False,False
1533,2026-01-27T18:43:12.048462,213,False,False
1534,2026-01-27T18:43:12.083184,213,False,False
1535,2026-01-27T18:43:12.114762,213,False,False
1536,2026-01-27T18:43:12.149361,213,False,False
1537,2026-01-27T18:43:12.182574,213,False,False
1538,2026-01-27T18:43:12.215060,213,False,False
1539,2026-01-27T18:43:12.259139,212,False,False
1540,2026-01-27T18:43:12.293048,212,False,False
1541,2026-01-27T18:43:12.323635,212,False,False
1542,2026-01-27T18:43:12.355580,212,False,False
1543,2026-01-27T18:43:12.387688,212,False,False
1544,2026-01-27T18:43:12.420971,212,False,False
1545,2026-01-27T18:43:12.453928,212,False,False
1546,2026-01-27T18:43:12.485664,212,False,False
1547,2026-01-27T18:43:12.518914,212,False,False
1548,2026-01-27T18:43:12.552510,211,False,False
1549,2026-01-27T18:43:12.582585,211,False,False
1550,2026-01-27T18:43:12.615409,211,False,False
1551,2026-01-27T18:43:12.648605,211,False,False
1552,2026-01-27T18:43:12.682070,211,False,False
1553,2026-01-27T18:43:12.716029,211,False,False
1554,2026-01-27T18:43:12.748139,211,True,False
1555,2026-01-27T18:43:12.781560,210,True,False
1556,2026-01-27T18:43:12.819771,210,True,False
1557,2026-01-27T18:43:12.852106,208,True,False
1558,2026-01-27T18:43:12.883388,208,True,False
1559,2026-01-27T18:43:12.917164,208,False,False
1560,2026-01-27T18:43:12.948592,208,False,False
1561,2026-01-27T18:43:12.981314,208,False,False
1562,2026-01-27T18:43:13.015599,208,False,False
1563,2026-01-27T18:43:13.049357,208,False,False
1564,2026-01-27T18:43:13.081004,208,False,False
1565,2026-01-27T18:43:13.115519,208,False,False
1566,2026-01-27T18:43:13.149581,208,False,False
1567,2026-01-27T18:43:13.182338,208,False,False
1568,2026-01-27T18:43:13.214993,208,False,False
1569,2026-01-27T18:43:13.250943,208,False,False
1570,2026-01-27T18:43:13.282582,208,False,False
1571,2026-01-27T18:43:13.315428,208,False,False
1572,2026-01-27T18:43:13.352107,216,False,False
1573,2026-01-27T18:43:13.382181,216,False,False
1574,2026-01-27T18:43:13.415194,216,False,False
1575,2026-01-27T18:43:13.449160,216,False,False
1576,2026-01-27T18:43:13.482483,216,False,False
1577,2026-01-27T18:43:13.516239,216,False,False
1578,2026-01-27T18:43:13.548081,216,False,False
1579,2026-01-27T18:43:13.582969,216,False,False
1580,2026-01-27T18:43:13.614736,216,False,False
1581,2026-01-27T18:43:13.649773,216,False,False
1582,2026-01-27T18:43:13.681953,216,False,False
1583,2026-01-27T18:43:13.717219,216,False,False
1584,2026-01-27T18:43:13.752336,201,False,False
1585,2026-01-27T18:43:13.782191,201,False,False
1586,2026-01-27T18:43:13.815478,201,False,False
1587,2026-01-27T18:43:13.849019,194,False,False
1588,2026-01-27T18:43:13.882042,194,False,False
1589,2026-01-27T18:43:13.914995,194,False,False
1590,2026-01-27T18:43:13.952475,186,False,False
1591,2026-01-27T18:43:13.982989,186,False,False
1592,2026-01-27T18:43:14.016590,186,False,False
1593,2026-01-27T18:43:14.048883,186,False,False
1594,2026-01-27T18:43:14.082878,186,False,False
1595,2026-01-27T18:43:14.115791,186,False,False
1596,2026-01-27T18:43:14.149491,186,False,False
1597,2026-01-27T18:43:14.182401,186,False,False
1598,2026-01-27T18:43:14.214944,186,False,False
1599,2026-01-27T18:43:14.251749,167,False,False
1600,2026-01-27T18:43:14.281853,167,False,False
1601,2026-01-27T18:43:14.315617,167,False,False
1602,2026-01-27T18:43:14.351718,160,False,False
1603,2026-01-27T18:43:14.382775,160,False,False
1604,2026-01-27T18:43:14.415745,160,False,False
1605,2026-01-27T18:43:14.451974,155,False,False
1606,2026-01-27T18:43:14.482293,155,False,False
1607,2026-01-27T18:43:14.516408,155,False,False
1608,2026-01-27T18:43:14.552068,146,False,False
1609,2026-01-27T18:43:14.583965,146,False,False
1610,2026-01-27T18:43:14.625349,146,False,False
1611,2026-01-27T18:43:14.651094,146,False,False
1612,2026-01-27T18:43:14.684122,146,False,False
1613,2026-01-27T18:43:14.717189,146,False,False
1614,2026-01-27T18:43:14.749180,146,False,False
1615,2026-01-27T18:43:14.782759,146,False,False
1616,2026-01-27T18:43:14.817121,146,False,False
1617,2026-01-27T18:43:14.850781,146,False,False
1618,2026-01-27T18:43:14.882291,146,False,False
1619,2026-01-27T18:43:14.917732,146,False,False
1620,2026-01-27T18:43:14.951938,113,False,False
1621,2026-01-27T18:43:14.982859,113,False,False
1622,2026-01-27T18:43:15.017256,113,False,False
1623,2026-01-27T18:43:15.052024,109,False,False
1624,2026-01-27T18:43:15.083948,109,False,False
1625,2026-01-27T18:43:15.116732,109,False,False
1626,2026-01-27T18:43:15.151335,109,False,False
1627,2026-01-27T18:43:15.183081,109,False,False
1628,2026-01-27T18:43:15.216795,109,False,False
1629,2026-01-27T18:43:15.252025,98,False,False
1630,2026-01-27T18:43:15.283144,98,False,False
1631,2026-01-27T18:43:15.317242,98,False,False
1632,2026-01-27T18:43:15.349922,98,False,False
1633,2026-01-27T18:43:15.382781,98,False,False
1634,2026-01-27T18:43:15.418506,98,False,False
1635,2026-01-27T18:43:15.451932,77,False,False
1636,2026-01-27T18:43:15.484529,77,False,False
1637,2026-01-27T18:43:15.517211,77,False,False
1638,2026-01-27T18:43:15.551968,69,False,False
1639,2026-01-27T18:43:15.582627,69,False,False
1640,2026-01-27T18:43:15.618188,69,False,False
1641,2026-01-27T18:43:15.651021,69,False,False
1642,2026-01-27T18:43:15.682544,69,False,False
1643,2026-01-27T18:43:15.717423,69,False,False
1644,2026-01-27T18:43:15.751722,67,False,False
1645,2026-01-27T18:43:15.782817,67,False,False
1646,2026-01-27T18:43:15.817927,67,False,False
1647,2026-01-27T18:43:15.851980,66,False,False
1648,2026-01-27T18:43:15.883471,66,False,False
1649,2026-01-27T18:43:15.917415,66,False,False
1650,2026-01-27T18:43:15.954411,66,False,False
1651,2026-01-27T18:43:15.984198,65,False,False
1652,2026-01-27T18:43:16.017044,65,False,False
1653,2026-01-27T18:43:16.049833,65,False,False
1654,2026-01-27T18:43:16.084686,65,False,False
1655,2026-01-27T18:43:16.117607,65,False,False
1656,2026-01-27T18:43:16.151980,65,False,False
1657,2026-01-27T18:43:16.184157,65,True,False
1658,2026-01-27T18:43:16.217961,65,True,False
1659,2026-01-27T18:43:16.250374,65,True,False
1660,2026-01-27T18:43:16.309596,65,True,False
1661,2026-01-27T18:43:16.344465,65,True,False
1662,2026-01-27T18:43:16.375277,65,True,False
1663,2026-01-27T18:43:16.412522,65,True,False
1664,2026-01-27T18:43:16.444057,65,True,False
1665,2026-01-27T18:43:16.475223,67,True,False
1666,2026-01-27T18:43:16.512999,67,True,False
1667,2026-01-27T18:43:16.539945,67,True,False
1668,2026-01-27T18:43:16.572310,65,True,False
1669,2026-01-27T18:43:16.605140,65,True,False
1670,2026-01-27T18:43:16.635991,65,False,False
1671,2026-01-27T18:43:16.670260,64,False,False
1672,2026-01-27T18:43:16.701805,64,False,False
1673,2026-01-27T18:43:16.735603,64,False,False
1674,2026-01-27T18:43:16.768614,64,False,False
1675,2026-01-27T18:43:16.803711,64,False,False
1676,2026-01-27T18:43:16.835398,64,False,False
1677,2026-01-27T18:43:16.867525,63,False,False
1678,2026-01-27T18:43:16.901958,63,False,False
1679,2026-01-27T18:43:16.931418,63,False,False
1680,2026-01-27T18:43:16.964186,63,False,False
1681,2026-01-27T18:43:16.996881,63,False,False
1682,2026-01-27T18:43:17.029204,63,False,False
1683,2026-01-27T18:43:17.060980,63,False,False
1684,2026-01-27T18:43:17.094881,63,False,False
1685,2026-01-27T18:43:17.124934,63,False,False
1686,2026-01-27T18:43:17.157554,63,False,False
1687,2026-01-27T18:43:17.189373,63,False,False
1688,2026-01-27T18:43:17.221727,63,False,False
1689,2026-01-27T18:43:17.254028,63,False,False
1690,2026-01-27T18:43:17.285369,63,False,False
1691,2026-01-27T18:43:17.318873,63,False,False
1692,2026-01-27T18:43:17.351280,63,False,False
1693,2026-01-27T18:43:17.384187,63,False,False
1694,2026-01-27T18:43:17.418691,63,False,False
1695,2026-01-27T18:43:17.451909,64,False,False
1696,2026-01-27T18:43:17.485514,64,False,False
1697,2026-01-27T18:43:17.519706,64,False,False
1698,2026-01-27T18:43:17.553020,64,False,False
1699,2026-01-27T18:43:17.583985,64,False,False
1700,2026-01-27T18:43:17.617872,64,False,False
1701,2026-01-27T18:43:17.651929,64,False,False
1702,2026-01-27T18:43:17.683715,64,False,False
1703,2026-01-27T18:43:17.722079,64,False,False
1704,2026-01-27T18:43:17.752813,64,False,False
1705,2026-01-27T18:43:17.783971,64,False,False
1706,2026-01-27T18:43:17.818735,64,False,False
1707,2026-01-27T18:43:17.851664,69,False,False
1708,2026-01-27T18:43:17.884128,69,False,False
1709,2026-01-27T18:43:17.917643,69,False,False
1710,2026-01-27T18:43:17.951688,80,False,False
1711,2026-01-27T18:43:17.984611,80,False,False
1712,2026-01-27T18:43:18.017357,80,False,False
1713,2026-01-27T18:43:18.051273,80,False,False
1714,2026-01-27T18:43:18.086271,80,False,False
1715,2026-01-27T18:43:18.118490,80,False,False
1716,2026-01-27T18:43:18.152833,84,False,False
1717,2026-01-27T18:43:18.184235,84,False,False
1718,2026-01-27T18:43:18.218697,84,False,False
1719,2026-01-27T18:43:18.252068,91,False,False
1720,2026-01-27T18:43:18.284501,91,False,False
1721,2026-01-27T18:43:18.318314,91,False,False
1722,2026-01-27T18:43:18.352398,98,False,False
1723,2026-01-27T18:43:18.385347,98,False,False
1724,2026-01-27T18:43:18.418793,98,False,False
1725,2026-01-27T18:43:18.451451,115,False,False
1726,2026-01-27T18:43:18.485255,115,False,False
1727,2026-01-27T18:43:18.518190,115,False,False
1728,2026-01-27T18:43:18.552523,115,False,False
1729,2026-01-27T18:43:18.583934,115,False,False
1730,2026-01-27T18:43:18.619369,115,False,False
1731,2026-01-27T18:43:18.653136,115,False,False
1732,2026-01-27T18:43:18.683930,115,False,False
1733,2026-01-27T18:43:18.718201,115,False,False
1734,2026-01-27T18:43:18.752836,126,False,False
1735,2026-01-27T18:43:18.784548,126,False,False
1736,2026-01-27T18:43:18.819727,126,False,False
1737,2026-01-27T18:43:18.852084,126,False,False
1738,2026-01-27T18:43:18.885496,126,False,False
1739,2026-01-27T18:43:18.917722,126,False,False
1740,2026-01-27T18:43:18.952217,132,False,False
1741,2026-01-27T18:43:18.985726,132,False,False
1742,2026-01-27T18:43:19.017957,132,False,False
1743,2026-01-27T18:43:19.052580,136,False,False
1744,2026-01-27T18:43:19.086378,136,False,False
1745,2026-01-27T18:43:19.119651,136,False,False
1746,2026-01-27T18:43:19.152766,143,False,False
1747,2026-01-27T18:43:19.184812,143,False,False
1748,2026-01-27T18:43:19.219007,143,False,False
1749,2026-01-27T18:43:19.251646,155,False,False
1750,2026-01-27T18:43:19.285333,155,False,False
1751,2026-01-27T18:43:19.320348,155,False,False
1752,2026-01-27T18:43:19.351625,155,False,False
1753,2026-01-27T18:43:19.384533,155,False,False
1754,2026-01-27T18:43:19.420400,155,False,False
1755,2026-01-27T18:43:19.452232,161,False,False
1756,2026-01-27T18:43:19.486600,161,False,False
1757,2026-01-27T18:43:19.518665,161,False,False
1758,2026-01-27T18:43:19.552229,173,False,False
1759,2026-01-27T18:43:19.585090,173,False,False
1760,2026-01-27T18:43:19.619086,173,False,False
1761,2026-01-27T18:43:19.653380,173,False,False
1762,2026-01-27T18:43:19.684421,173,False,False
1763,2026-01-27T18:43:19.719543,173,False,False
1764,2026-01-27T18:43:19.755914,187,False,False
1765,2026-01-27T18:43:19.784746,187,False,False
1766,2026-01-27T18:43:19.820950,187,False,False
1767,2026-01-27T18:43:19.852550,187,False,False
1768,2026-01-27T18:43:19.885514,187,False,False
1769,2026-01-27T18:43:19.919556,187,False,False
1770,2026-01-27T18:43:19.952805,190,False,False
1771,2026-01-27T18:43:19.985593,190,False,False
1772,2026-01-27T18:43:20.024461,190,False,False
1773,2026-01-27T18:43:20.057299,196,False,False
1774,2026-01-27T18:43:20.086818,196,False,False
1775,2026-01-27T18:43:20.120234,196,False,False
1776,2026-01-27T18:43:20.155315,198,False,False
1777,2026-01-27T18:43:20.184892,198,False,False
1778,2026-01-27T18:43:20.219402,198,False,False
1779,2026-01-27T18:43:20.252193,217,False,False
1780,2026-01-27T18:43:20.285628,217,False,False
1781,2026-01-27T18:43:20.321604,217,False,False
1782,2026-01-27T18:43:20.354950,218,False,False
1783,2026-01-27T18:43:20.384729,218,False,False
1784,2026-01-27T18:43:20.420637,218,False,False
1785,2026-01-27T18:43:20.452157,219,False,False
1786,2026-01-27T18:43:20.486631,219,False,False
1787,2026-01-27T18:43:20.520918,219,False,False
1788,2026-01-27T18:43:20.552971,225,False,False
1789,2026-01-27T18:43:20.587535,225,False,False
1790,2026-01-27T18:43:20.620316,225,False,False
1791,2026-01-27T18:43:20.652564,225,False,False
1792,2026-01-27T18:43:20.686647,225,False,False
1793,2026-01-27T18:43:20.721683,225,False,False
1794,2026-01-27T18:43:20.751704,231,False,False
1795,2026-01-27T18:43:20.786179,231,False,False
1796,2026-01-27T18:43:20.820455,231,False,False
1797,2026-01-27T18:43:20.854547,236,False,False
1798,2026-01-27T18:43:20.884524,236,False,False
1799,2026-01-27T18:43:20.921392,236,False,False
1800,2026-01-27T18:43:20.952485,239,False,False
1801,2026-01-27T18:43:20.985683,239,False,False
1802,2026-01-27T18:43:21.020284,239,False,False
1803,2026-01-27T18:43:21.054956,235,False,False
1804,2026-01-27T18:43:21.090948,235,False,False
1805,2026-01-27T18:43:21.120029,235,False,False
1806,2026-01-27T18:43:21.153120,232,False,False
1807,2026-01-27T18:43:21.187075,232,False,False
1808,2026-01-27T18:43:21.220214,232,False,False
1809,2026-01-27T18:43:21.252050,229,False,False
1810,2026-01-27T18:43:21.286497,229,False,False
1811,2026-01-27T18:43:21.320505,229,False,False
1812,2026-01-27T18:43:21.355856,227,False,False
1813,2026-01-27T18:43:21.386142,227,False,False
1814,2026-01-27T18:43:21.421795,227,False,False
1815,2026-01-27T18:43:21.453012,227,False,False
1816,2026-01-27T18:43:21.486265,227,False,False
1817,2026-01-27T18:43:21.520518,227,False,False
1818,2026-01-27T18:43:21.552358,227,False,False
1819,2026-01-27T18:43:21.588041,227,False,False
1820,2026-01-27T18:43:21.621245,227,False,False
1821,2026-01-27T18:43:21.653795,227,False,False
1822,2026-01-27T18:43:21.686624,227,False,False
1823,2026-01-27T18:43:21.721538,227,False,False
1824,2026-01-27T18:43:21.754969,224,False,False
1825,2026-01-27T18:43:21.786557,224,False,False
1826,2026-01-27T18:43:21.821382,224,False,False
1827,2026-01-27T18:43:21.855842,224,False,False
1828,2026-01-27T18:43:21.887296,224,False,False
1829,2026-01-27T18:43:21.922450,224,False,False
1830,2026-01-27T18:43:21.952557,224,False,False
1831,2026-01-27T18:43:21.985828,224,False,False
1832,2026-01-27T18:43:22.020806,224,False,False
1833,2026-01-27T18:43:22.054813,224,False,False
1834,2026-01-27T18:43:22.085560,224,False,False
1835,2026-01-27T18:43:22.122786,224,False,False
1836,2026-01-27T18:43:22.155066,215,False,False
1837,2026-01-27T18:43:22.186775,215,False,False
1838,2026-01-27T18:43:22.220465,215,False,False
1839,2026-01-27T18:43:22.254864,215,False,False
1840,2026-01-27T18:43:22.286045,215,False,False
1841,2026-01-27T18:43:22.320796,215,False,False
1842,2026-01-27T18:43:22.355615,213,False,False
1843,2026-01-27T18:43:22.387342,213,False,False
1844,2026-01-27T18:43:22.422836,213,False,False
1845,2026-01-27T18:43:22.456166,211,False,False
1846,2026-01-27T18:43:22.486923,211,False,False
1847,2026-01-27T18:43:22.521235,211,False,False
1848,2026-01-27T18:43:22.555519,209,False,False
1849,2026-01-27T18:43:22.587333,209,False,False
1850,2026-01-27T18:43:22.621577,209,False,False
1851,2026-01-27T18:43:22.657002,207,False,False
1852,2026-01-27T18:43:22.687092,207,False,False
1853,2026-01-27T18:43:22.721591,207,False,False
1854,2026-01-27T18:43:22.753855,207,False,False
1855,2026-01-27T18:43:22.786102,207,False,False
1856,2026-01-27T18:43:22.820520,207,False,False
1857,2026-01-27T18:43:22.854470,207,False,False
1858,2026-01-27T18:43:22.886252,207,False,False
1859,2026-01-27T18:43:22.921777,207,False,False
1860,2026-01-27T18:43:22.953467,207,False,False
1861,2026-01-27T18:43:22.987139,207,False,False
1862,2026-01-27T18:43:23.021948,207,False,False
1863,2026-01-27T18:43:23.055444,207,False,False
1864,2026-01-27T18:43:23.087523,207,False,False
1865,2026-01-27T18:43:23.121386,207,False,False
1866,2026-01-27T18:43:23.156391,220,False,False
1867,2026-01-27T18:43:23.187757,220,False,False
1868,2026-01-27T18:43:23.221257,220,False,False
1869,2026-01-27T18:43:23.256146,219,False,False
1870,2026-01-27T18:43:23.287715,219,False,False
1871,2026-01-27T18:43:23.320293,219,False,False
1872,2026-01-27T18:43:23.357057,215,False,False
1873,2026-01-27T18:43:23.387604,215,False,False
1874,2026-01-27T18:43:23.421108,215,False,False
1875,2026-01-27T18:43:23.455390,208,False,False
1876,2026-01-27T18:43:23.487181,208,False,False
1877,2026-01-27T18:43:23.521739,208,False,False
1878,2026-01-27T18:43:23.555378,208,False,False
1879,2026-01-27T18:43:23.587854,208,False,False
1880,2026-01-27T18:43:23.621047,208,False,False
1881,2026-01-27T18:43:23.655664,207,False,False
1882,2026-01-27T18:43:23.688140,207,False,False
1883,2026-01-27T18:43:23.722522,207,False,False
1884,2026-01-27T18:43:23.753995,207,False,False
1885,2026-01-27T18:43:23.786847,207,False,False
1886,2026-01-27T18:43:23.821983,207,False,False
1887,2026-01-27T18:43:23.855302,207,False,False
1888,2026-01-27T18:43:23.887537,207,False,False
1889,2026-01-27T18:43:23.924465,207,False,False
1890,2026-01-27T18:43:23.955401,207,False,False
1891,2026-01-27T18:43:23.986976,207,False,False
1892,2026-01-27T18:43:24.022615,207,False,False
1893,2026-01-27T18:43:24.054871,207,False,False
1894,2026-01-27T18:43:24.086491,207,False,False
1895,2026-01-27T18:43:24.121909,207,False,False
1896,2026-01-27T18:43:24.155705,209,False,False
1897,2026-01-27T18:43:24.187997,209,False,False
1898,2026-01-27T18:43:24.224552,209,False,False
1899,2026-01-27T18:43:24.256403,210,False,False
1900,2026-01-27T18:43:24.287411,210,False,False
1901,2026-01-27T18:43:24.321022,210,False,False
1902,2026-01-27T18:43:24.355470,210,False,False
1903,2026-01-27T18:43:24.386815,210,False,False
1904,2026-01-27T18:43:24.422871,210,False,False
1905,2026-01-27T18:43:24.454525,210,False,False
1906,2026-01-27T18:43:24.487607,210,False,False
1907,2026-01-27T18:43:24.521573,210,False,False
1908,2026-01-27T18:43:24.554260,210,False,False
1909,2026-01-27T18:43:24.589320,210,False,False
1910,2026-01-27T18:43:24.620845,210,False,False
1911,2026-01-27T18:43:24.655273,210,False,False
1912,2026-01-27T18:43:24.688836,210,False,False
1913,2026-01-27T18:43:24.722780,210,False,False
1914,2026-01-27T18:43:24.754852,210,False,False
1915,2026-01-27T18:43:24.787282,210,False,False
1916,2026-01-27T18:43:24.821687,210,False,False
1917,2026-01-27T18:43:24.858748,210,False,False
1918,2026-01-27T18:43:24.890359,210,False,False
1919,2026-01-27T18:43:24.922649,210,False,False
1920,2026-01-27T18:43:24.955263,210,False,False
1921,2026-01-27T18:43:24.988323,210,False,False
1922,2026-01-27T18:43:25.021255,210,False,False
1923,2026-01-27T18:43:25.054456,210,False,False
1924,2026-01-27T18:43:25.088842,210,False,False
1925,2026-01-27T18:43:25.120527,210,False,False
1926,2026-01-27T18:43:25.155397,209,False,False
1927,2026-01-27T18:43:25.187987,209,False,False
1928,2026-01-27T18:43:25.227685,209,False,False
1929,2026-01-27T18:43:25.258757,208,False,False
1930,2026-01-27T18:43:25.289931,208,False,False
1931,2026-01-27T18:43:25.323658,208,False,False
1932,2026-01-27T18:43:25.356444,207,False,False
1933,2026-01-27T18:43:25.389084,207,False,False
1934,2026-01-27T18:43:25.421593,207,False,False
1935,2026-01-27T18:43:25.455918,201,False,False
1936,2026-01-27T18:43:25.488523,201,False,False
1937,2026-01-27T18:43:25.524199,201,False,False
1938,2026-01-27T18:43:25.555587,197,False,False
1939,2026-01-27T18:43:25.588797,197,False,False
1940,2026-01-27T18:43:25.621579,197,False,False
1941,2026-01-27T18:43:25.655058,197,False,False
1942,2026-01-27T18:43:25.688180,197,False,False
1943,2026-01-27T18:43:25.723332,197,False,False
1944,2026-01-27T18:43:25.756983,197,False,False
1945,2026-01-27T18:43:25.788590,197,False,False
1946,2026-01-27T18:43:25.821494,197,False,False
1947,2026-01-27T18:43:25.855207,197,False,False
1948,2026-01-27T18:43:25.888332,197,False,False
1949,2026-01-27T18:43:25.921148,197,False,False
1950,2026-01-27T18:43:25.955211,197,False,False
1951,2026-01-27T18:43:25.989177,197,False,False
1952,2026-01-27T18:43:26.024843,197,False,False
1953,2026-01-27T18:43:26.055928,204,False,False
1954,2026-01-27T18:43:26.089116,204,False,False
1955,2026-01-27T18:43:26.121745,204,False,False
1956,2026-01-27T18:43:26.155807,204,False,False
1957,2026-01-27T18:43:26.188907,204,False,False
1958,2026-01-27T18:43:26.222830,204,False,False
1959,2026-01-27T18:43:26.257666,204,False,False
1960,2026-01-27T18:43:26.289856,204,False,False
1961,2026-01-27T18:43:26.321558,204,False,False
1962,2026-01-27T18:43:26.356167,204,False,False
1963,2026-01-27T18:43:26.388851,204,False,False
1964,2026-01-27T18:43:26.422721,204,False,False
1965,2026-01-27T18:43:26.455445,204,False,False
1966,2026-01-27T18:43:26.488574,204,False,False
1967,2026-01-27T18:43:26.523746,204,False,False
1968,2026-01-27T18:43:26.556472,211,False,False
1969,2026-01-27T18:43:26.589761,211,False,False
1970,2026-01-27T18:43:26.623231,211,False,False
1971,2026-01-27T18:43:26.656214,214,False,False
1972,2026-01-27T18:43:26.688914,214,False,False
1973,2026-01-27T18:43:26.723486,214,False,False
1974,2026-01-27T18:43:26.755528,214,False,False
1975,2026-01-27T18:43:26.788736,214,False,False
1976,2026-01-27T18:43:26.824045,214,False,False
1977,2026-01-27T18:43:26.856392,214,False,False
1978,2026-01-27T18:43:26.889568,214,False,False
1979,2026-01-27T18:43:26.924759,214,False,False
1980,2026-01-27T18:43:26.956653,214,False,False
1981,2026-01-27T18:43:26.988196,214,False,False
1982,2026-01-27T18:43:27.022582,214,False,False
1983,2026-01-27T18:43:27.057194,214,False,False
1984,2026-01-27T18:43:27.088301,214,False,False
1985,2026-01-27T18:43:27.123212,214,False,False
1986,2026-01-27T18:43:27.156522,214,False,False
1987,2026-01-27T18:43:27.189119,214,False,False
1988,2026-01-27T18:43:27.222973,214,False,False
1989,2026-01-27T18:43:27.257187,214,False,False
1990,2026-01-27T18:43:27.288079,214,False,False
1991,2026-01-27T18:43:27.322315,214,False,False
1992,2026-01-27T18:43:27.356332,212,False,False
1993,2026-01-27T18:43:27.389872,212,False,False
1994,2026-01-27T18:43:27.421578,212,False,False
1995,2026-01-27T18:43:27.455860,212,False,False
1996,2026-01-27T18:43:27.490205,212,False,False
1997,2026-01-27T18:43:27.524671,212,False,False
1998,2026-01-27T18:43:27.555232,212,False,False
1999,2026-01-27T18:43:27.590154,212,False,False
